标题,商家,地址,付款人数,价格
微型小颗粒乐高积木成年高难度立体拼图男孩子儿童拼装玩具益智力,伊人靓靓,广东 广州,5.80,2万+人付款
乐高积木圣诞节礼物许愿圣诞树旋转音乐盒男孩女孩益智拼装玩具,zenchr,广东 广州,79.00,7000+人付款
微型成年小颗粒拼装积木立体女孩益智玩具兼容乐高拼图成人马里奥,嬉仔玩具,浙江 金华,21.02,500+人付款
乐高积木男孩子女孩系列微型小颗粒成人儿童立体拼图拼装玩具益智,梧桐之景色,广东 广州,5.50,2000+人付款
LEGO乐高打字机21327打印机创意ideas益智拼装积木玩具圣诞节礼物,wang爱heng,上海,1238.00,100+人付款
乐高哈利波特魔法书76382/76383/76384男孩拼装益智积木玩具,唛宝网,上海,175.00,700+人付款
乐高积木布达拉宫建筑高难度小颗粒巨大型拼装成年立体减压模型,tb782454896,广东 深圳,468.00,100+人付款
复仇者联盟乐高积木钢铁人系列反浩克装甲机甲拼装玩具男孩子益智,缘于此，源于你,广东 深圳,46.00,3000+人付款
送男女朋友圣诞节手工生日跨年礼物太空乐高宇航员系列微颗粒积木,小瘦子_jean,广东 汕头,19.00,2000+人付款
LEGO乐高40478迷你迪士尼城堡女孩儿童益智拼装积木玩具圣诞礼物,wang爱heng,上海,228.00,100+人付款
乐高积木航空母舰成年高难度航母模型男孩拼装玩具10岁12圣诞礼物,法恩贝乐美668,广东 深圳,42.75,700+人付款
乐高成年高难度积木拼装玩具 男孩天安门巨大型建筑diy跨新年礼物,爱点嘻哈,广东 汕头,49.00,200+人付款
LEGO乐高10273迪士尼鬼屋跳楼机游乐场男孩女孩益智拼搭积木玩具,幸福的味道007,上海,1649.00,61人付款
匹配乐高积木女孩子系列艾莎冰雪奇缘拼装六一儿童节益智玩具礼物,laodeng5201,广东 汕头,68.00,1000+人付款
乐高积木男孩子拼装超级跑车城市系列经典汽车益智力赛车模型,invenol,广东 广州,23.70,1000+人付款
太空人宇航员拼装接积木乐高微型小颗粒成人圣诞节玩具摆件礼物,ztdm1111,广东 汕头,14.21,1000+人付款
乐高积木太空宇航员拼装小颗粒高难度巨大型儿童机器人玩具男孩子,好爸爸电商,广东 广州,199.00,700+人付款
儿童接豆豆接球桌面游戏机城堡亲子互动益智思维孩子专注训练玩具,tb289112017,广东 汕头,99.80,1000+人付款
匹配乐高积木儿童拼装玩具益智力拼插小颗粒拼接汽车男孩组装拼图,童趣欢乐王国,山东 临沂,8.90,1000+人付款
乐高积木幻影忍者系列封赏之地战车儿童益智拼装玩具拼图男孩子,tb523067990,上海,56.84,500+人付款
乐高积木男孩子拼装玩具益智力成年高难度航空母舰儿童圣诞节礼物,汕头益智玩具店,广东 汕头,27.44,1万+人付款
乐高积木创意百变冬季圣诞系列10267姜饼屋 儿童拼装玩具礼物公仔,唛宝网,上海,728.00,400+人付款
匹配乐高积木男孩小颗粒拼装汽车玩具儿童益智力拼插启蒙模型拼图,童趣欢乐王国,山东 临沂,17.10,300+人付款
乐高圣诞老人树屋模型女孩系列成年人高难度益智拼装玩具节日礼物,高sexy,广东 深圳,59.00,1000+人付款
乐高儿童拼装机械组积木益智力男孩子回力赛车系列生日礼物玩具,小白鼠玩具店,广东 广州,65.55,500+人付款
乐高积木成年高难度泰姬陵城堡女孩子大人益智拼装玩具迪士尼礼物,哎咦丫丫,广东 汕头,98.00,1000+人付款
乐高街景MOC大型咖啡厅餐馆成人高难度拼插益智积木模型玩具女孩,tb2521199_00,广东 汕头,322.00,63人付款
学生笔筒办公拼插模型微小颗粒女孩系列礼物乐高积木拼装玩具益智,crazygunman,广东 汕头,49.00,1000+人付款
乐高超大史迪仔微小颗粒成人拼装积木男孩女孩系列高难度生日礼物,tb041622615,广东 深圳,30.00,500+人付款
乐高宇航员笔筒小颗粒积木女孩系列10岁成年高难度拼装12圣诞礼物,tb64227989,广东 广州,32.00,3000+人付款
乐高积木桌子儿童大颗粒拼装玩具益智男孩多功能桌椅套装女孩系列,兔小贝母婴玩具店,广东 汕头,148.00,79人付款
兼容乐高积木女孩子系列公主梦拼装城堡别墅房子儿童益智拼图玩具,哎咦丫丫,广东 汕头,55.00,100+人付款
积木桌子多功能乐高拼装儿童益智大颗粒女孩系列圣诞节礼物男玩具,阿蛋当家,广东 汕头,89.00,1000+人付款
乐高迪士尼城堡高难度巨大型送女孩系列拼装玩具儿童圣诞礼物积木,高sexy,广东 深圳,158.00,300+人付款
lego小颗粒积木8-12岁高难度成人女孩拼装乐高全街景建筑城市系列,owens00,广东 汕头,24.00,800+人付款
微小颗粒拼装女孩玩具乐高积木成年拼图迪士尼星黛露摆件礼物成人,esther_u,上海,8.50,9000+人付款
积木墙底板家用壁挂式大颗粒墙上墙面背景玩具儿童定制乐高拼图,fengri26,广东 深圳,22.00,200+人付款
乐高71040迪士尼城堡乐园积木玩具男女孩儿童圣诞节礼物益智拼装,liji0904,上海,1898.00,90人付款
兼容乐高年糕大颗粒积木创意妈妈机械齿轮益智拼搭盒子教具送课程,她是光芒也是信仰,广东 汕头,25.00,300+人付款
乐高打字机复古打印机成年人高难度拼装积木益智玩具男女生日礼物,赵洪标,广东 广州,35.00,800+人付款
微型小颗粒拼图拼装积木儿童兼容乐高益智玩具女孩系列玲娜贝儿,嬉仔玩具,浙江 金华,6.77,600+人付款
兼容乐高积木玩具坦克虎式军事战争系列益智拼装儿童男孩子装甲车,积高积木,广东 汕头,18.05,900+人付款
乐高幻影忍者劳埃德的泰坦机甲益智拼装积木玩具拼图男孩子礼物,a15915564832,上海,56.84,1000+人付款
迪迦奥特曼积木乐高儿童益智拼装玩具泰罗模型男孩高难度生日礼物,潮爱玩积木厂,浙江 金华,29.90,1000+人付款
乐高积木男孩子城市系列军事警察小颗粒儿童拼装玩具汽车益智拼图,tb999039631,广东 汕头,49.00,300+人付款
乐高花束积木小颗粒永生玫瑰花鲜花成人拼装玩具女孩系列新年礼物,小希希紫琳,浙江 金华,48.51,400+人付款
LOZ设计师店moc积木散件热配包拼装潮玩创意礼物成人潮玩女孩摆件,兜来兜去1988,广东 汕头,99.00,700+人付款
纯磁力片积木儿童玩具男孩女3-6-8岁磁性磁铁吸铁石拼图拼装益智,飘渺舞庆,浙江 金华,19.90,600+人付款
木制变脸魔方你哭我笑3D拼图亲子儿童趣味益智游戏减少孩子玩手机,秦永红494586977,河南 郑州,14.99,0人付款
百变磁力棒2男孩4女孩3岁宝宝智力圣诞礼物6儿童益智积木拼装玩具,tb144026412,浙江 金华,16.92,5人付款
泡沫积木大号软体海绵幼儿园海棉软体构建益智儿童拼装搭建玩具,瓯潮玩具,浙江 温州,26.00,7人付款
乐高大众T2露营车野营车创意系列汽车模型益智拼装积木玩具10279,caixy1988,广东 汕头,121.00,200+人付款
兼容乐高9686机器人电动机械齿轮考试小颗粒科教玩具编程积木套装,tb1298226793,广东 汕头,158.00,100+人付款
乐高积木小颗粒男孩拼装成年高难度立体拼图儿童玩具微型女孩系列,翔迪商城,广东 广州,5.50,5000+人付款
乐高21318树屋樱花系列森林之树小屋益智男女孩子积木成年人玩具6,帅林wdsdmjm,广东 深圳,266.80,55人付款
乐高积木拼装变形战车玩具男孩益智动脑儿童拼插模型消防车6-12岁,sunny阳光贝贝,上海,64.60,1000+人付款
乐高积木2021年新品幻影忍者系列神龙男孩子拼装巨龙儿童益智玩具,贝欧亚,广东 汕头,58.00,700+人付款
LEGO乐高75192星球大战千年隼战舰飞船UCS男女孩拼搭积木益智玩具,开心包包店,上海,5108.00,37人付款
纯磁力片积木散片磁性拼装益智儿童玩具磁铁吸铁石男女孩3-6-10岁,小橘子20150417,广东 广州,33.90,1000+人付款
乐高音乐家小提琴拼装益智小颗粒高难度男孩女孩圣诞乐器积木玩具,ydh_1993,北京,235.00,400+人付款
机器人乐高9686编程套装益智拼装积木电子机械组男孩子动力玩具课,jiandan153,上海,99.00,600+人付款
反浩克机甲装甲钢铁侠乐高积木玩具男孩子拼装益智儿童拼图模型,a15915564832,上海,27.80,700+人付款
乐高积木钢铁侠反浩克机甲装甲男孩子益智拼装玩具机器人10岁儿童,tb863750401,广东 汕头,30.00,2000+人付款
乐高钢琴21323Piano可弹奏IDEAS系列女益智拼装积木玩具圣诞礼物,wang爱heng,上海,2148.00,86人付款
乐高71043哈利波特霍格沃兹城堡魔法世界男女孩拼搭积木益智玩具,幸福的味道007,上海,2638.00,100+人付款
2021新品乐高积木我的世界男孩子益智拼装儿童玩具机关山洞6-14岁,林煜权,广东 汕头,58.00,100+人付款
乐高天安门积木成人高难度微颗粒巨大型建筑模型男孩拼装益智玩具,嘻哈毛绒之家,广东 汕头,58.00,100+人付款
乐高城市系列消防总局积木消防车汽车飞机男女孩益智拼装儿童玩具,草莓牛奶加冰,广东 汕头,123.00,500+人付款
乐高花束10280鲜花天堂鸟玫瑰郁金香花积木玩具女孩系列益智礼物,tb848723097,广东 汕头,39.00,72人付款
乐高街景建筑系列10255城市广场女男孩益智拼装积木玩具生日礼物,唛宝网,上海,1518.00,99人付款
乐高钢琴21323可弹奏成人拼装益智玩具积木女生男孩圣诞礼物摆件,唛宝网,上海,2068.00,100+人付款
LEGO乐高60198 城市电动遥控货运火车 男孩积木拼搭益智玩具礼物,幸福的味道007,上海,1128.00,100+人付款
乐高圣诞宇航员微小颗粒拼装积木成年高难度男孩玩具女孩系列成人,谢xin航,广东 汕头,12.54,800+人付款
LEGO乐高21329fender电吉他创意IDEAS益智拼装积木玩具圣诞节礼物,wang爱heng,上海,678.00,100+人付款
中国著名风古建筑万里长城巨大型成年高难度乐高积木拼装益智玩具,小哈佛母婴,广东 汕头,97.00,300+人付款
欢乐客遥控编程机械齿轮积木大颗粒电动马达电机益智3-6岁男女童,buygood,广东 汕头,69.00,300+人付款
乐高积木北京天安门微颗粒建筑模型拼装益智玩具成人高难度巨大型,tb523067990,上海,35.28,5000+人付款
LEGO乐高21327打字机创意ideas系列男女孩益智拼搭积木玩具礼物,幸福的味道007,上海,1238.00,700+人付款
微型拼装小颗粒拼图钻石益智积木玩具兼容乐高猫和老鼠摆件高难度,哈哈叔,浙江 金华,24.80,2000+人付款
乐高积木益智力拼装男孩子5直升飞机6合体系列军事8-12小学生玩具,小白鼠玩具店,广东 广州,36.10,1000+人付款
乐高兰博基尼拼装汽车机械组装积木益智男孩回力跑车儿童玩具,invenol,广东 广州,22.50,300+人付款
乐高男孩子高难度巨大型航母航空母舰拼装成人益智8-12岁积木玩具,小白鼠玩具店,广东 广州,68.40,300+人付款
乐高积木小颗粒散件零件益智拼装玩具散装积木称斤按斤卖女男孩子,咖菲的大狒,北京,7.60,600+人付款
乐高草莓熊积木小颗粒拼装diy男孩女孩系列成年高难度圣诞礼物,ztdm1111,广东 汕头,6.00,900+人付款
十二星座哆啦a梦乐高蓝胖子微小颗粒积木成年圣诞节拼装女孩系列,ztdm1111,广东 汕头,35.00,600+人付款
百变电动积木齿轮旋转玩具拼插益智大颗粒拼图套装男孩3-6岁拼装,洛洛玩具批发,广东 汕头,19.00,1000+人付款
乐高城市系列警察局警系局儿童男孩子积木拼装益智力8玩具房城堡6,草莓牛奶加冰,广东 汕头,288.00,100+人付款
乐高积木航空母舰巨大型拼装玩具儿童礼物益智航母男孩子高难度,invenol,广东 广州,88.00,5000+人付款
乐高迪士尼城堡积木公主梦高难度成年模型拼装益智男女孩系列玩具,兴裕园汽车用品,广东 汕头,328.00,100+人付款
乐高王者的荣耀男孩子拼装积木悟空小侠机甲人仔儿童益智玩具礼物,奇迪玩具商城,广东 汕头,45.00,600+人付款
乐高积木绝地求生小人吃鸡和平军事人仔精英儿童拼装男孩益智玩具,奇迪玩具商城,广东 汕头,19.00,1000+人付款
赛罗捷德终极泰迦奥特曼乐高小人仔哥斯拉男孩子积木拼装玩具益智,a847779622,广东 汕头,5.00,1000+人付款
宇宙星球模型积木小颗粒高难度大型地球仪3d立体拼图拼装玩具益智,苹果橘子真好吃,北京,37.24,0人付款
百变磁力棒2男孩4女孩3岁宝宝智力圣诞礼物6儿童益智积木拼装玩具,tb144026412,浙江 金华,16.92,5人付款
幼儿园分享小玩具室内玩建构区搭建小大中班益智区材料桌面积木,苹果橘子真好吃,江苏 无锡,95.29,0人付款
乐高打字机复古复刻游戏机钢琴创意系列孩子益智拼装积木玩具,jdcss,上海,220.00,100+人付款
乐高积木哈利波特75954霍格沃茨城堡75953拼装益智玩具男孩子女孩,唛宝网,上海,508.00,100+人付款
乐高创意百变街景10270欧洲风情书店拼装玩具男女孩礼物益智,唛宝网,上海,998.00,75人付款
LEGO乐高 43197冰雪城堡迪士尼冰雪奇缘儿童益智拼搭积木玩具礼品,幸福的味道007,上海,1238.00,70人付款
LEGO乐高10258 伦敦巴士创意百变男孩儿童汽车益智积木玩具礼物,幸福的味道007,上海,998.00,54人付款
乐高积木拼装幻影忍者系列赞的泰坦机甲71738男孩子儿童益智玩具,疯狂2008_007,上海,378.00,200+人付款
LEGO乐高警察局10278城市街景系列女孩益智拼装积木玩具圣诞礼物,wang爱heng,上海,1408.00,100+人付款
LEGO乐高城市街景10255中心集会广场益智拼装积木玩具圣诞节礼物,wang爱heng,上海,1478.00,53人付款
乐高积木大电影WALL-E瓦力机器人益智拼装模型积木玩具圣诞礼物,bobo波仔,广东 汕头,38.00,1000+人付款
迷你微小颗粒拼装积木拼图成人兼容乐高儿童男孩益智玩具奥特曼,嬉仔玩具,浙江 金华,25.48,600+人付款
乐高积木拼装城市系列60262客运飞机大客机男孩子儿童益智玩具,疯狂2008_007,上海,639.00,88人付款
2021乐高积木我的世界拼装儿童玩具男孩益智力机关山洞拼图6-14岁,谢婷s,广东 汕头,78.00,3000+人付款
乐高迪士尼城堡积木女孩成人微小颗粒拼装高难度巨大立体益智玩具,嘻哈毛绒之家,广东 汕头,78.00,400+人付款
微小颗粒乐高超大哆啦a梦积木成年立体高难度拼装玩具送女生礼物,古游今惜,浙江 丽水,41.58,1000+人付款
若态放映机拼装模型3D立体积木拼图儿童益智6岁以上的diy手工礼物,猪小五的春天,上海,71.00,100+人付款
积木拼装玩具益智成人男孩子岁儿童男孩生日礼物森宝摩托车模型10,长沙时捷,湖南 长沙,26.80,400+人付款
乐高ev3套装45544和45560编程机器人儿童积木拼装玩具益智拼插,frank1015,北京,499.00,76人付款
星黛露积木拼装乐高小颗粒益智玩具微成年立体高难度儿童女孩系列,初匠16,浙江 金华,28.98,7000+人付款
兼容乐高积木拼装大颗粒旗舰店官网益智力动脑儿童玩具男女孩系列,长湖电子商务,江苏 徐州,98.00,1000+人付款
LEGO乐高10267冬季圣诞系列姜饼屋男孩女孩益智拼装积木玩具礼物,沁吉多商贸有限公司,上海,668.00,85人付款
儿童乐高积木拼装玩具益智智力动脑男孩子汽车小颗粒滑道女孩系列,兔小贝母婴玩具店,广东 汕头,39.00,1000+人付款
乐高积木男孩益智拼装汽车玩具儿童小颗粒变形机器人金刚特警拼图,爱购一碗面,广东 广州,27.72,500+人付款
LEGO乐高10261 创意高手系列游乐场大型过山车男孩拼插积木玩具,szliudy13794,广东 深圳,1918.00,44人付款
贝乐迪 哆啦a梦乐高积木拼装玩具益智蓝胖子颗粒拼插女孩生日礼物,贝乐迪串联钻石积木,广东 汕头,47.50,3000+人付款
乐高成人高难度小颗粒积木儿童拼装益智男女孩玩具星黛露立体拼图,tb98434957,浙江 金华,3.50,500+人付款
乐高花束10280女孩子系列装饰成人积木玩具拼装玫瑰花朵创意礼物,shirley乐淘淘,广东 深圳,49.00,2000+人付款
兼容乐高积木桌子多功能拼装益智1儿童玩具2男女孩子5系列3-6周岁,e优啦,广东 潮州,266.00,65人付款
微型小颗粒拼装积木拼图成年男孩女孩兼容乐高儿童益智玩具奥特曼,乐柏裕积木,广东 汕头,27.84,1000+人付款
兼容乐高幻影忍者城忍者花园总部大楼忍者码头高难度益智拼装积木,bobo波仔,广东 汕头,239.00,100+人付款
乐高积木底板大小颗粒10701/10700得宝2304绿色拼砌板积木墙底座,育婴益童品牌玩具折扣店,北京,46.00,200+人付款
乐高积木军事系列益智拼装图男孩子坦克装甲车模型儿童小颗粒玩具,tb_9768637,上海,96.04,1000+人付款
儿童乐高积木桌子多功能男女孩拼装玩具益智2岁以上两三大颗粒宝,柏木林森,安徽 合肥,98.00,8000+人付款
拼装小乐高积木拼装玩具益智男孩子小盒装儿童1元以下礼物小颗粒,番薯叔叔442193942,广东 深圳,9.90,4000+人付款
乐高兰博基尼跑车布加迪模型车保时捷男孩高难度益智拼装积木玩具,曾贵raki,广东 汕头,26.86,1000+人付款
乐高积木桌子多功能儿童益智拼装玩具台大颗粒男孩桌椅套装可收纳,酷卡电子商务,安徽 安庆,178.00,700+人付款
大号拼插积木成年高难度小颗粒乐高女孩新年礼物玩具迪士尼星黛露,小李男装,江西 南昌,27.00,7000+人付款
匹配乐高积木男孩益智力拼装坦克模型拼图儿童小颗粒军事拼插玩具,童趣欢乐王国,山东 临沂,37.00,1000+人付款
微型拼装小颗粒拼图益智积木玩具兼容乐高成年宠物小精灵球皮卡丘,hswj8888,广东 汕头,12.80,1000+人付款
乐高航天飞机火箭玩具拼装积木益智力男孩子6-8-10岁生日礼物模型,老鱼的杂货铺,广东 汕头,65.00,600+人付款
暴力熊乐高微颗粒拼装积木儿童益智玩具男女孩系列成年高难度礼物,tb98434957,浙江 金华,15.80,2000+人付款
大型航空母舰高难度男孩拼装益智航母6-14岁乐高积木儿童玩具,invenol,广东 广州,88.00,1000+人付款
积木成年高难度女孩子迪士尼城堡大人益智拼装玩具圣诞节礼物,tb144026412,浙江 金华,37.22,5人付款
宇宙星球模型积木小颗粒高难度大型地球仪3d立体拼图拼装玩具益智,苹果橘子真好吃,北京,37.24,0人付款
幼儿园分享小玩具室内玩建构区搭建小大中班益智区材料桌面积木,苹果橘子真好吃,江苏 无锡,95.29,0人付款
聚乐宝贝游戏桌儿童早教益智多功能婴儿玩具桌积木1岁宝宝学习2一,聚乐宝贝旗舰店,广东 汕头,199.00,900+人付款
兼容乐高wedo2.0套装国产可编程积木scratch机器人45300课程教具,趣味童年u,广东 广州,365.00,900+人付款
Keeppley宝可梦圣诞音乐盒拼装积木摆件皮卡丘款玩具动漫周边礼物,keeppley旗舰店,广东 汕头,149.00,3000+人付款
布鲁可大颗粒启初精灵积木桶幼儿宝宝启蒙百变工程车桶益智玩具,布鲁可旗舰店,上海,169.00,1000+人付款
【正版顶配】爱心暴力熊积木正品积木熊摆件bearbrick女孩子礼物,t_1483722195411_0785,广东 广州,28.90,600+人付款
儿童stem科学小实验套装小学生物理电路积木玩具科技制作手工发明,津津乐母婴专营店,上海,154.00,600+人付款
森宝积木圣诞节礼物树小装饰儿童玩具积木八音盒盲盒男女孩子礼品,森宝积木旗舰店,广东 汕头,18.90,7000+人付款
儿童玩具益智10智力动脑8女孩子6岁以上7圣诞节5女童3-9生日礼物4,迪芙伦母婴专营店,广东 汕头,178.00,900+人付款
超大块幼教大型幼儿园建构区户外碳化木制碳烧原木实木质积木玩具,qq1353192256,浙江 丽水,220.00,100+人付款
圣诞节礼物儿童玩具男孩益智10岁小学生男童生日新年2021新款网红,泽色旗舰店,广东 广州,168.00,900+人付款
乐高积木哈利波特系列76392霍格沃茨魔法棋巫师棋旗舰店官网玩具,疯狂2008_007,上海,438.00,400+人付款
女孩子系列乐高积木大颗粒儿童积木桌拼装玩具宝宝益智多功能智力,领动舰旗店,广东 汕头,48.00,1000+人付款
儿童玩具10岁以上男孩新年生日礼物6-13益智8力9动7脑小学生8至12,聪宝宝玩具专营店,湖南 长沙,138.00,1000+人付款
2021年第13季新品乐高幻影忍者人仔积木儿童益智拼装小人男孩玩具,tb676828318,广东 汕头,26.00,3000+人付款
可优比磁力片磁力积木2岁宝宝磁性磁铁儿童礼物男女孩益智玩具,天猫超市,上海,118.00,1000+人付款
乐高10293圣诞老人驾到圣诞节礼物男女孩儿童积木玩具冬季村庄,liji0904,上海,588.00,300+人付款
儿童实木积木桌多功能兼容乐高大颗粒宝宝拼装玩具益智男女孩大号,长湖电子商务,江苏 徐州,208.00,600+人付款
乐高教育lego 45678  45680 SPIK  Prime科创套装 原装正品,禁令十条,北京,1830.00,49人付款
乐高建筑中国风北京天安门苏州园林积木成年高难度巨大型拼装玩具,陈悦闲,广东 广州,133.00,800+人付款
babycare雪花片拼插积木大号加厚1-3-6周岁宝宝儿童益智拼装玩具,babycare旗舰店,上海,79.00,1000+人付款
乐高创意百变街景10261大型过山车儿童拼插益智玩具女孩男孩子,唛宝网,上海,2188.00,45人付款
乐高迪士尼冰雪奇缘城堡43172女孩系列儿童拼装益智玩具积木礼物,唛宝网,上海,508.00,300+人付款
LEGO乐高92176阿波罗土星5号火箭 乐高21309积木拼搭益智玩具礼物,幸福的味道007,上海,809.00,100+人付款
LEGO乐高10270欧洲风情书店街景系列男女孩拼搭益智积木玩具礼物,幸福的味道007,上海,988.00,94人付款
乐高积木圣诞礼盒40499圣诞老人雪橇40426圣诞花环男女孩圣诞礼物,天猫国际进口超市,浙江 杭州,384.00,900+人付款
乐高珍藏款迪士尼71040迪士尼公主大城堡房子儿童成年人圣诞礼物,天猫国际进口超市,浙江 杭州,3079.00,100+人付款
LEGO乐高71043霍格沃兹城堡哈利波特系列拼装积木玩具圣诞礼物,wang爱heng,上海,2618.00,200+人付款
乐高圣诞礼物积木官方旗舰店机械组42122吉普牧马人越野汽车益智,乐高官方旗舰店,浙江 嘉兴,499.00,1000+人付款
乐高积木官方旗舰店76139蝙蝠车蝙蝠侠乐高积木玩具成人收藏,乐高官方旗舰店,浙江 嘉兴,2099.00,100+人付款
儿童大号颗粒积木塑料玩具3-6周岁益智男孩女孩2周岁宝宝拼装拼插,天天特卖工厂店,浙江 杭州,6.80,3000+人付款
儿童积木大小颗粒百变汽车积木轨道滑道拼装兼容某高积木拼插玩具,天天特卖工厂店,浙江 杭州,19.90,2000+人付款
【直营】LEGO乐高76942侏罗纪重抓龙乘船逃生儿童玩具礼物积木,天猫国际母婴直营,浙江 杭州,569.00,100+人付款
百变磁力棒儿童益智玩具拼装积木片6岁男孩5女孩4宝宝3幼儿磁铁石,朵发母婴专营店,浙江 金华,15.80,1万+人付款
乐高悟空小侠 80012齐天大圣黄金机甲男孩子拼装积木儿童玩具益智,ace_小星星,广东 汕头,125.00,1000+人付款
乐高男孩子圣诞节礼物旋转小屋树系列飘雪音乐盒拼装积木儿童玩具,小白鼠玩具店,广东 广州,49.00,2000+人付款
乐高10294泰坦尼克号游轮模型创意系列大型高难度拼插积木玩具,baij021,上海,4428.00,36人付款
乐高直20军事直升机战斗飞机系列成年高难度大型男孩拼装积木玩具,310543776czl,广东 深圳,379.00,500+人付款
圣诞树积木音乐盒旋转八音盒男孩拼装女孩儿童犯甙诩圣诞节礼物,lalaplay旗舰店,广东 汕头,99.00,2000+人付款
正品 乐高机器人lego EV3 45544核心套装 ev3 9898 配件库45560,禁令十条,北京,480.00,79人付款
儿童玩具男孩子8岁10拼装12圣诞节模型益智6以上男童男生生日礼物,紫麦玩具旗舰店,上海,247.50,700+人付款
乐高10293冬季村庄圣诞老人驾到益智拼装积木玩具圣诞节玩具礼物,北京正版品牌玩具店,北京,558.00,300+人付款
得力74517卡通木质拼图儿童木质拼插早教认知玩具图案随机24片,齐协有品,安徽 滁州,17.52,0人付款
积木成年高难度女孩子迪士尼城堡大人益智拼装玩具圣诞节礼物,tb144026412,浙江 金华,37.22,5人付款
乐高30628哈利波特妖怪们的妖怪书成人拼装积木模型玩具包邮70074,射手man,广东 汕头,25.00,100+人付款
小米官方旗舰店多彩指尖积木盲盒减压神器益智拼装男孩玩具魔方,小米官方旗舰店,北京,9.90,2000+人付款
乐高兰博基尼V12概念车积木MOC赛车跑车汽车模型拼装成年高难度男,积木世家玩具世界,广东 深圳,249.00,200+人付款
新年礼物乐高音乐盒旋转小屋圣诞拼装八音盒积木益智玩具雪人宝宝,天天都在晕,湖北 武汉,49.00,1000+人付款
乐高珍藏纪念款迪士尼系列71040迪士尼公主城堡儿童成年积木收藏,天猫国际母婴直营,浙江 杭州,3079.00,8人付款
ARTMAG/迈格特彩窗磁力片管道积木磁铁拼装滚珠轨道儿童益智玩具,迈格特玩具旗舰店,浙江 宁波,239.00,300+人付款
积木桌子多功能大颗粒乐儿童拼装高玩具益智力动脑宝宝男孩子女孩,天天特卖工厂店,浙江 杭州,5.90,100+人付款
幼儿童益智早教玩具数字拼图积木配对1-2男女孩宝宝智力开发动脑3,天天特卖工厂店,浙江 杭州,5.10,300+人付款
【直营】LEGO乐高 星球大战系列星球大战圣诞倒数日历75307礼物,天猫国际进口超市,浙江 杭州,227.00,100+人付款
【直营】LEGO乐高成年高难度10267姜饼屋拼插积木玩具男孩女孩,天猫国际进口超市,浙江 杭州,1299.00,79人付款
乐高旗舰店官网创意百变组31058凶猛霸王龙恐龙乐高积木儿童玩具,乐高官方旗舰店,浙江 嘉兴,169.00,700+人付款
乐高圣诞礼物积木官方旗舰店 城市组60277警用巡逻艇模型儿童玩具,乐高官方旗舰店,浙江 嘉兴,489.00,300+人付款
LEGO乐高科技组51515 MINDSTORMS编程机器人男女孩拼装积木玩具,幸福的味道007,上海,2168.00,48人付款
LEGO乐高71374超级马里奥任天堂NES红白机拼搭益智积木玩具礼物,幸福的味道007,上海,1649.00,96人付款
乐高10297转角精品酒店街景系列男女孩拼搭建筑积木玩具圣诞礼物,唛宝网,上海,1666.00,100+人付款
拼奇铁臂阿童木70周年限定版半解剖潮玩手办机甲拼插积木玩具男孩,唛宝网,上海,529.00,100+人付款
乐高40478迷你迪士尼公主城堡大房子女孩子积木玩具圣诞新年礼物,天猫国际母婴直营,浙江 杭州,399.00,60人付款
乐高小黄人飞行训练75547男孩女孩4岁+儿童拼装积木官方新款玩具,天猫超市,上海,298.00,100+人付款
LEGO乐高2021新品机械组42125法拉利488gte汽车跑车积木模型官网,乐高几可专卖店,上海,1699.00,86人付款
女孩子系列大颗粒儿童积木桌宝宝拼装玩具益智多功能智力动脑礼物,金胜星玩具专营店,广东 汕头,129.00,300+人付款
乐高GT3保时捷911改装宽体跑车高难度遥控拼插积木汽车模型展示盒,h964831815,广东 汕头,138.00,400+人付款
乐高积木圣诞树灯光音乐盒益智拼装玩具儿童男女孩圣诞节礼物系列,智鹰钻石积木,广东 汕头,9.90,2000+人付款
乐高40499圣诞老人的雪橇40426圣诞花环男女孩积木玩具节日礼物,liji0904,上海,75.00,300+人付款
乐高圣诞节积木树音乐盒儿童男孩女孩拼装玩具系列lego八音盒礼物,自由飞翔98723,江苏 苏州,59.00,1000+人付款
儿童乐高积木大小颗粒拼装滑道玩具益智力4男孩女孩宝宝3-5岁系列,tb2862290_88,广东 汕头,12.80,1000+人付款
可优比雪花片拼插积木大号加厚12-6周岁男女儿童礼物益智拼装玩具,天猫超市,上海,79.00,400+人付款
乐高哈利波特霍格沃兹城堡71043男女孩儿童积木玩具圣诞节礼物,liji0904,上海,2398.00,37人付款
乐高幻影忍者烈焰神龙攻击71753男孩8岁+儿童拼装积木官方玩具,天猫超市,上海,498.00,57人付款
布鲁可大颗粒拼插启蒙积木桶早教益智力儿童玩具1桶宝宝男孩女孩,天猫超市,上海,209.00,100+人付款
乐高樱花树屋积木女孩系列成人高难度巨大型拼装玩具圣诞礼物花束,cy78141,广东 汕头,130.00,300+人付款
乐高积木花束花瓶圣诞节玫瑰花朵插花女孩系列拼装情人礼物玩具,dznihao521,广东 汕头,109.00,600+人付款
乐高悟空小侠红孩儿火箭80019男孩女孩7岁+儿童拼装积木官方玩具,天猫超市,上海,298.00,100+人付款
乐高火箭中国航天飞机神舟太空飞船拼装积木益智男孩高难度6-12岁,小枫1718,广东 汕头,43.70,700+人付款
乐高红色吉他珍藏款21329男女孩积木玩具成人高手挑战高难度积木,天猫国际进口超市国内现货,上海,1179.00,12人付款
乐高F1方程式赛车拼装积木科技机械组兰博基尼跑车模型高难度玩具,爱萌玩具,广东 深圳,104.73,1000+人付款
LEGO乐高10275冬季圣诞精灵魔法屋俱乐部男女孩积木玩具儿童礼物,szliudy13794,广东 深圳,539.00,96人付款
【吉杰推荐】LEGO乐高机械组42083布加迪粉丝款拼装跑车积木汽车,天猫国际母婴直营,浙江 杭州,3970.00,6人付款
男孩生日礼物12儿童3圣诞节益智玩具6男童7多功能8-9大童10岁以上,星珀旗舰店,广东 汕头,17.90,3000+人付款
乐高积木男孩成年高难度巨大型天安门建筑拼装女孩系列桃花潭玩具,qq13536897894,广东 汕头,60.00,600+人付款
乐高积木成年高难度泰姬陵城堡大人建筑男女孩系类拼装圣诞节礼物,纯越贸易,广东 汕头,165.00,300+人付款
乐高花束10280鲜花玫瑰永生花积木女孩系列益智拼装圣诞节日礼物,草莓牛奶加冰,广东 汕头,158.00,700+人付款
积木桌子多功能男孩女孩6岁宝宝益智大颗粒拼装玩具儿童智力犯3,北国一家玩具专营店,广东 汕头,49.00,1000+人付款
得力74517卡通木质拼图儿童木质拼插早教认知玩具图案随机24片,齐协有品,安徽 滁州,17.52,0人付款
木质手工拼装桥梁模型仿古式建筑现代桥模幼儿园小学生手工课材料,v185817398v,湖南 长沙,16.00,0人付款
乐高30628哈利波特妖怪们的妖怪书成人拼装积木模型玩具包邮70074,射手man,广东 汕头,25.00,100+人付款
LEGO乐高机械组42115兰博基尼SIAN跑车汽车经典拼装玩具积木,乐高几可专卖店,上海,3099.00,38人付款
乐高积木小颗粒1000粒散装拼装益智变形玩具男女孩子系列称斤配件,热销品牌母婴店,上海,39.00,900+人付款
乐高拼装玩具男孩积木8-12岁以上高难度钢铁侠全套人仔纪念书漫威,tb318028894,广东 汕头,93.00,300+人付款
儿童水管道积木塑料玩具3-6周岁益智男孩5-6岁女孩宝宝拼装拼插,奇邦玩具专营店,广东 汕头,9.90,2000+人付款
俏娃儿童益智玩具小女孩3一5岁2女宝宝4生日周岁女童礼物以上6男,俏娃宝贝玩具旗舰店,广东 汕头,178.00,300+人付款
布鲁可大颗粒儿童益智拼插积木恐龙蛋生百变布鲁克拼装玩具男女孩,布鲁可旗舰店,上海,69.00,1000+人付款
乐高摩托车积木杜卡迪大魔王川崎机车成人高难度拼装模型男孩玩具,tb943458886,广东 汕头,108.00,500+人付款
乐高积木拼装40382生日蛋糕限定礼物可更改年龄男孩女孩益智玩具,疯狂2008_007,上海,128.00,200+人付款
乐高悟空小侠80012齐天大圣黄金机甲男孩子拼装积木玩具5岁人仔14,h543515750,上海,125.00,900+人付款
费乐磁力片儿童益智玩具纯磁铁吸铁石动功能男孩智力玩具女孩动脑,费乐旗舰店,辽宁 沈阳,76.00,500+人付款
乐高积木10280花朵花束40460玫瑰永生10289天堂鸟圣诞节礼物玩具,疯狂2008_007,上海,75.00,300+人付款
儿童乐高积木拼装玩具飞机系列5岁6以上男孩简单7圣诞节礼物8拼图,东东和粉粉,湖南 长沙,37.00,1000+人付款
乐高兰博基尼跑车模型遥控汽车系列布加迪威龙高难度拼装积木玩具,tb261358172,广东 广州,235.00,99人付款
迪士尼城堡成年高难度微小颗粒积木女孩系列拼装模型兼容乐高玩具,仟丰母婴专营店,浙江 杭州,218.00,300+人付款
暴力告白熊颗粒积木益智立体拼装玩具成年高难度抖音同款兼容乐高,天天特卖工厂店,浙江 杭州,8.74,400+人付款
儿童小颗粒拼装积木小孩塑料拼插拼图3-6周岁男孩女孩diy益智玩具,天天特卖工厂店,浙江 杭州,21.20,100+人付款
乐高旗舰店官网好朋友系列41679森林小屋积木儿童玩具男孩女孩,乐高官方旗舰店,浙江 嘉兴,299.00,300+人付款
乐高圣诞礼物乐高旗舰店官网41393烘焙大赛乐高积木儿童玩具益智,乐高官方旗舰店,浙江 嘉兴,399.00,200+人付款
乐高科技机械组42126福特猛禽Ford F-150 Raptor皮卡男孩儿童积木,天猫国际进口超市,浙江 杭州,1254.00,34人付款
LEGO乐高积木拼装玩具好朋友系列 森林马术中心 41683,天猫国际进口超市,浙江 杭州,483.00,200+人付款
乐缔100件套磁力片积木1盒男女孩玩具益智拼装拼图磁性3-6岁礼物,天猫超市,上海,149.00,93人付款
布鲁可百变云梯消防车大颗粒积木拼插儿童玩具1盒DIY宝宝男女孩3+,天猫超市,上海,389.00,34人付款
奥迪双钻炫彩鲁班磁性魔方积木男女孩益智百变趣味启蒙节日礼品,天猫超市,上海,69.80,300+人付款
乐高小黄人格鲁实验室75546男孩女孩4岁+儿童拼装积木官方玩具,天猫超市,上海,198.00,36人付款
乐缔磁力片磁力铁拼装磁性棒吸铁石1盒男女孩益智玩具生日礼物,天猫超市,上海,79.00,100+人付款
LEGO乐高高难度10267姜饼屋积木玩具男孩女孩礼物成人系列圣诞,天猫国际进口超市国内现货,上海,1299.00,18人付款
乐高积木珍藏款21327打字机成人高手挑战积木玩具拼装复古打印机,天猫国际进口超市国内现货,上海,1904.00,7人付款
LEGO乐高10256 创意建筑街景泰姬陵男孩女孩拼搭积木益智玩具礼物,幸福的味道007,上海,3168.00,15人付款
乐高哈利波特系列76392霍格沃茨巫师棋儿童拼装益智玩具积木男孩,唛宝网,上海,438.00,100+人付款
特宝儿串珠儿童玩具穿珠子训练专注力宝宝益智大颗粒积木精细动作,topbright旗舰店,浙江 丽水,35.00,2000+人付款
乐高教玩具 LEGO 45028新品My XL World 9090补充套装 儿童礼物,蝙蝠侠爱吃肉,北京,1050.00,40人付款
儿童音乐盒乐高积木女孩系列圣诞节礼物圣诞树飘雪拼装八音盒玩具,mfy毛小毛,广东 广州,59.00,500+人付款
斯尔福婴幼儿童海绵软体泡沫搭建积木可咬女孩幼儿园早教变形积木,zhong_vera,浙江 宁波,22.00,600+人付款
儿童可升降积木桌子多功能拼装益智大颗粒男女孩学习玩具桌椅套装,瀚致母婴专营店,浙江 金华,198.00,100+人付款
儿童滚珠球轨道滑滑乐大颗粒拼装积木墙洗澡戏水宝宝益智玩具小孩,小榴芒哥哥,广东 汕头,24.00,3000+人付款
乐高积木儿童益智拼装城市小颗粒拼插男孩子玩具军事警车坦克拼图,陈沛欣279,广东 汕头,6.78,7000+人付款
LEGO乐高迪士尼冰雪奇缘43197艾莎的冰雪城堡女孩拼插积木玩具,leclub,北京,1216.00,47人付款
乐高LEGO限量款限定游乐场10261大型过山车益智收藏拼插玩具积木,了了包巴,北京,1780.00,30人付款
启蒙qq飞车积木玩具儿童益智拼装赛车机甲齐天大圣孙悟空模型男孩,优宝宝母婴专营店,上海,46.55,700+人付款
乐高劳斯莱斯小金人库里南跑车MOC成人高难度益拼装积木玩具模型,t_1489224196255_0134,广东 汕头,379.05,100+人付款
实木儿童玩具乐高积木桌子男女孩子3-6周岁宝宝游戏桌多功能大号2,小其家居,安徽 芜湖,688.00,91人付款
LEGO乐高机械组42115兰博基尼SIAN跑车汽车经典拼装玩具积木,乐高几可专卖店,上海,3099.00,38人付款
乐高积木小颗粒1000粒散装拼装益智变形玩具男女孩子系列称斤配件,热销品牌母婴店,上海,39.00,900+人付款
乐高拼装玩具男孩积木8-12岁以上高难度钢铁侠全套人仔纪念书漫威,tb318028894,广东 汕头,93.00,300+人付款
儿童水管道积木塑料玩具3-6周岁益智男孩5-6岁女孩宝宝拼装拼插,奇邦玩具专营店,广东 汕头,9.90,2000+人付款
俏娃儿童益智玩具小女孩3一5岁2女宝宝4生日周岁女童礼物以上6男,俏娃宝贝玩具旗舰店,广东 汕头,178.00,300+人付款
布鲁可大颗粒儿童益智拼插积木恐龙蛋生百变布鲁克拼装玩具男女孩,布鲁可旗舰店,上海,69.00,1000+人付款
乐高摩托车积木杜卡迪大魔王川崎机车成人高难度拼装模型男孩玩具,tb943458886,广东 汕头,108.00,500+人付款
乐高积木拼装40382生日蛋糕限定礼物可更改年龄男孩女孩益智玩具,疯狂2008_007,上海,128.00,200+人付款
乐高悟空小侠80012齐天大圣黄金机甲男孩子拼装积木玩具5岁人仔14,h543515750,上海,125.00,900+人付款
费乐磁力片儿童益智玩具纯磁铁吸铁石动功能男孩智力玩具女孩动脑,费乐旗舰店,辽宁 沈阳,76.00,500+人付款
乐高积木10280花朵花束40460玫瑰永生10289天堂鸟圣诞节礼物玩具,疯狂2008_007,上海,75.00,300+人付款
儿童乐高积木拼装玩具飞机系列5岁6以上男孩简单7圣诞节礼物8拼图,东东和粉粉,湖南 长沙,37.00,1000+人付款
乐高兰博基尼跑车模型遥控汽车系列布加迪威龙高难度拼装积木玩具,tb261358172,广东 广州,235.00,99人付款
迪士尼城堡成年高难度微小颗粒积木女孩系列拼装模型兼容乐高玩具,仟丰母婴专营店,浙江 杭州,218.00,300+人付款
暴力告白熊颗粒积木益智立体拼装玩具成年高难度抖音同款兼容乐高,天天特卖工厂店,浙江 杭州,8.74,400+人付款
儿童小颗粒拼装积木小孩塑料拼插拼图3-6周岁男孩女孩diy益智玩具,天天特卖工厂店,浙江 杭州,21.20,100+人付款
乐高旗舰店官网好朋友系列41679森林小屋积木儿童玩具男孩女孩,乐高官方旗舰店,浙江 嘉兴,299.00,300+人付款
乐高圣诞礼物乐高旗舰店官网41393烘焙大赛乐高积木儿童玩具益智,乐高官方旗舰店,浙江 嘉兴,399.00,200+人付款
乐高科技机械组42126福特猛禽Ford F-150 Raptor皮卡男孩儿童积木,天猫国际进口超市,浙江 杭州,1254.00,34人付款
LEGO乐高积木拼装玩具好朋友系列 森林马术中心 41683,天猫国际进口超市,浙江 杭州,483.00,200+人付款
乐缔100件套磁力片积木1盒男女孩玩具益智拼装拼图磁性3-6岁礼物,天猫超市,上海,149.00,93人付款
布鲁可百变云梯消防车大颗粒积木拼插儿童玩具1盒DIY宝宝男女孩3+,天猫超市,上海,389.00,34人付款
奥迪双钻炫彩鲁班磁性魔方积木男女孩益智百变趣味启蒙节日礼品,天猫超市,上海,69.80,300+人付款
乐高小黄人格鲁实验室75546男孩女孩4岁+儿童拼装积木官方玩具,天猫超市,上海,198.00,36人付款
乐缔磁力片磁力铁拼装磁性棒吸铁石1盒男女孩益智玩具生日礼物,天猫超市,上海,79.00,100+人付款
LEGO乐高高难度10267姜饼屋积木玩具男孩女孩礼物成人系列圣诞,天猫国际进口超市国内现货,上海,1299.00,18人付款
乐高积木珍藏款21327打字机成人高手挑战积木玩具拼装复古打印机,天猫国际进口超市国内现货,上海,1904.00,7人付款
LEGO乐高10256 创意建筑街景泰姬陵男孩女孩拼搭积木益智玩具礼物,幸福的味道007,上海,3168.00,15人付款
乐高哈利波特系列76392霍格沃茨巫师棋儿童拼装益智玩具积木男孩,唛宝网,上海,438.00,100+人付款
特宝儿串珠儿童玩具穿珠子训练专注力宝宝益智大颗粒积木精细动作,topbright旗舰店,浙江 丽水,35.00,2000+人付款
乐高教玩具 LEGO 45028新品My XL World 9090补充套装 儿童礼物,蝙蝠侠爱吃肉,北京,1050.00,40人付款
儿童音乐盒乐高积木女孩系列圣诞节礼物圣诞树飘雪拼装八音盒玩具,mfy毛小毛,广东 广州,59.00,500+人付款
斯尔福婴幼儿童海绵软体泡沫搭建积木可咬女孩幼儿园早教变形积木,zhong_vera,浙江 宁波,22.00,600+人付款
儿童可升降积木桌子多功能拼装益智大颗粒男女孩学习玩具桌椅套装,瀚致母婴专营店,浙江 金华,198.00,100+人付款
儿童滚珠球轨道滑滑乐大颗粒拼装积木墙洗澡戏水宝宝益智玩具小孩,小榴芒哥哥,广东 汕头,24.00,3000+人付款
乐高积木儿童益智拼装城市小颗粒拼插男孩子玩具军事警车坦克拼图,陈沛欣279,广东 汕头,6.78,7000+人付款
LEGO乐高迪士尼冰雪奇缘43197艾莎的冰雪城堡女孩拼插积木玩具,leclub,北京,1216.00,47人付款
乐高LEGO限量款限定游乐场10261大型过山车益智收藏拼插玩具积木,了了包巴,北京,1780.00,30人付款
启蒙qq飞车积木玩具儿童益智拼装赛车机甲齐天大圣孙悟空模型男孩,优宝宝母婴专营店,上海,46.55,700+人付款
乐高劳斯莱斯小金人库里南跑车MOC成人高难度益拼装积木玩具模型,t_1489224196255_0134,广东 汕头,379.05,100+人付款
实木儿童玩具乐高积木桌子男女孩子3-6周岁宝宝游戏桌多功能大号2,小其家居,安徽 芜湖,688.00,91人付款
儿童积木桌子大颗粒男孩益智拼装多功能女孩玩具游戏桌椅套装实木,泡泡龙电子商务,浙江 杭州,108.00,300+人付款
乐高哈利波特联名系列76392霍格沃茨巫师魔法棋国际象棋女贞路4号,天猫国际母婴直营,浙江 杭州,670.00,12人付款
【直营】LEGO乐高积木80012悟空小侠系列孙悟空齐天大圣黄金机甲,天猫国际母婴直营,浙江 杭州,1298.00,6人付款
磁力片儿童益智玩具纯智力磁铁吸铁石贴女男孩磁力棒拼装磁性积木,tb144026412,浙江 金华,20.42,5人付款
百变磁力棒2男孩4女孩3岁宝宝智力圣诞礼物6儿童益智积木拼装玩具,tb144026412,浙江 金华,16.92,5人付款
乐高42069科技极地探险履带车成人难度拼装拼插积木模型玩具20057,射手man,广东 汕头,169.00,40人付款
幼儿园活动区角彩色EVA泡沫积木砖头淘气堡积木软砖块海绵玩具砖,科元88,浙江 温州,62.00,100+人付款
森宝流浪地球运载运兵车儿童森宝积木益智拼装玩具男孩子智力动脑,森宝积木旗舰店,广东 汕头,27.00,800+人付款
LEGO乐高42115科技系列机械组兰博基尼SIAN闪电汽车拼装玩具积木,幸福的味道007,上海,2439.00,65人付款
米米智玩釜底抽薪层层叠高儿童益智积木叠叠乐亲子拼装男女孩玩具,凤凰新华书店旗舰店,江苏 南京,29.90,100+人付款
LEGO乐高机械组42115兰博基尼SIAN跑车汽车经典拼装玩具积木,乐高几可专卖店,上海,3099.00,38人付款
乐高积木小颗粒1000粒散装拼装益智变形玩具男女孩子系列称斤配件,热销品牌母婴店,上海,39.00,900+人付款
乐高拼装玩具男孩积木8-12岁以上高难度钢铁侠全套人仔纪念书漫威,tb318028894,广东 汕头,93.00,300+人付款
儿童水管道积木塑料玩具3-6周岁益智男孩5-6岁女孩宝宝拼装拼插,奇邦玩具专营店,广东 汕头,9.90,2000+人付款
俏娃儿童益智玩具小女孩3一5岁2女宝宝4生日周岁女童礼物以上6男,俏娃宝贝玩具旗舰店,广东 汕头,178.00,300+人付款
布鲁可大颗粒儿童益智拼插积木恐龙蛋生百变布鲁克拼装玩具男女孩,布鲁可旗舰店,上海,69.00,1000+人付款
乐高摩托车积木杜卡迪大魔王川崎机车成人高难度拼装模型男孩玩具,tb943458886,广东 汕头,108.00,500+人付款
乐高积木拼装40382生日蛋糕限定礼物可更改年龄男孩女孩益智玩具,疯狂2008_007,上海,128.00,200+人付款
乐高悟空小侠80012齐天大圣黄金机甲男孩子拼装积木玩具5岁人仔14,h543515750,上海,125.00,900+人付款
费乐磁力片儿童益智玩具纯磁铁吸铁石动功能男孩智力玩具女孩动脑,费乐旗舰店,辽宁 沈阳,76.00,500+人付款
暴力告白熊颗粒积木益智立体拼装玩具成年高难度抖音同款兼容乐高,天天特卖工厂店,浙江 杭州,8.74,400+人付款
儿童小颗粒拼装积木小孩塑料拼插拼图3-6周岁男孩女孩diy益智玩具,天天特卖工厂店,浙江 杭州,21.20,100+人付款
乐高旗舰店官网好朋友系列41679森林小屋积木儿童玩具男孩女孩,乐高官方旗舰店,浙江 嘉兴,299.00,300+人付款
乐高圣诞礼物乐高旗舰店官网41393烘焙大赛乐高积木儿童玩具益智,乐高官方旗舰店,浙江 嘉兴,399.00,200+人付款
乐高科技机械组42126福特猛禽Ford F-150 Raptor皮卡男孩儿童积木,天猫国际进口超市,浙江 杭州,1254.00,34人付款
LEGO乐高积木拼装玩具好朋友系列 森林马术中心 41683,天猫国际进口超市,浙江 杭州,483.00,200+人付款
启蒙Keeppley蜡笔小新系列小新家客厅拼装积木动漫周边玩具K20606,天猫超市,上海,119.00,100+人付款
乐缔100件套磁力片积木1盒男女孩玩具益智拼装拼图磁性3-6岁礼物,天猫超市,上海,149.00,93人付款
布鲁可百变云梯消防车大颗粒积木拼插儿童玩具1盒DIY宝宝男女孩3+,天猫超市,上海,389.00,34人付款
奥迪双钻炫彩鲁班磁性魔方积木男女孩益智百变趣味启蒙节日礼品,天猫超市,上海,69.80,300+人付款
乐高小黄人格鲁实验室75546男孩女孩4岁+儿童拼装积木官方玩具,天猫超市,上海,198.00,36人付款
LEGO乐高高难度10267姜饼屋积木玩具男孩女孩礼物成人系列圣诞,天猫国际进口超市国内现货,上海,1299.00,18人付款
乐高积木珍藏款21327打字机成人高手挑战积木玩具拼装复古打印机,天猫国际进口超市国内现货,上海,1904.00,7人付款
LEGO乐高10256 创意建筑街景泰姬陵男孩女孩拼搭积木益智玩具礼物,幸福的味道007,上海,3168.00,15人付款
乐高积木10280花朵花束40460玫瑰永生10289天堂鸟圣诞节礼物玩具,疯狂2008_007,上海,75.00,300+人付款
儿童乐高积木拼装玩具飞机系列5岁6以上男孩简单7圣诞节礼物8拼图,东东和粉粉,湖南 长沙,37.00,1000+人付款
乐高兰博基尼跑车模型遥控汽车系列布加迪威龙高难度拼装积木玩具,tb261358172,广东 广州,235.00,99人付款
迪士尼城堡成年高难度微小颗粒积木女孩系列拼装模型兼容乐高玩具,仟丰母婴专营店,浙江 杭州,218.00,300+人付款
乐高哈利波特系列76392霍格沃茨巫师棋儿童拼装益智玩具积木男孩,唛宝网,上海,438.00,100+人付款
特宝儿串珠儿童玩具穿珠子训练专注力宝宝益智大颗粒积木精细动作,topbright旗舰店,浙江 丽水,35.00,2000+人付款
乐高教玩具 LEGO 45028新品My XL World 9090补充套装 儿童礼物,蝙蝠侠爱吃肉,北京,1050.00,40人付款
儿童音乐盒乐高积木女孩系列圣诞节礼物圣诞树飘雪拼装八音盒玩具,mfy毛小毛,广东 广州,59.00,500+人付款
斯尔福婴幼儿童海绵软体泡沫搭建积木可咬女孩幼儿园早教变形积木,zhong_vera,浙江 宁波,22.00,600+人付款
儿童可升降积木桌子多功能拼装益智大颗粒男女孩学习玩具桌椅套装,瀚致母婴专营店,浙江 金华,198.00,100+人付款
儿童滚珠球轨道滑滑乐大颗粒拼装积木墙洗澡戏水宝宝益智玩具小孩,小榴芒哥哥,广东 汕头,24.00,3000+人付款
乐高积木儿童益智拼装城市小颗粒拼插男孩子玩具军事警车坦克拼图,陈沛欣279,广东 汕头,6.78,7000+人付款
LEGO乐高迪士尼冰雪奇缘43197艾莎的冰雪城堡女孩拼插积木玩具,leclub,北京,1216.00,47人付款
得力74517卡通木质拼图儿童木质拼插早教认知玩具图案随机24片,齐协有品,安徽 滁州,17.52,0人付款
百变磁力棒2男孩4女孩3岁宝宝智力圣诞礼物6儿童益智积木拼装玩具,tb144026412,浙江 金华,16.92,5人付款
乐高30628哈利波特妖怪们的妖怪书成人拼装积木模型玩具包邮70074,射手man,广东 汕头,25.00,100+人付款
LEGO乐高机械组42115兰博基尼SIAN跑车汽车经典拼装玩具积木,乐高几可专卖店,上海,3099.00,38人付款
乐高积木小颗粒1000粒散装拼装益智变形玩具男女孩子系列称斤配件,热销品牌母婴店,上海,39.00,900+人付款
乐高拼装玩具男孩积木8-12岁以上高难度钢铁侠全套人仔纪念书漫威,tb318028894,广东 汕头,93.00,300+人付款
儿童水管道积木塑料玩具3-6周岁益智男孩5-6岁女孩宝宝拼装拼插,奇邦玩具专营店,广东 汕头,9.90,2000+人付款
俏娃儿童益智玩具小女孩3一5岁2女宝宝4生日周岁女童礼物以上6男,俏娃宝贝玩具旗舰店,广东 汕头,178.00,300+人付款
布鲁可大颗粒儿童益智拼插积木恐龙蛋生百变布鲁克拼装玩具男女孩,布鲁可旗舰店,上海,69.00,1000+人付款
乐高摩托车积木杜卡迪大魔王川崎机车成人高难度拼装模型男孩玩具,tb943458886,广东 汕头,108.00,500+人付款
乐高积木拼装40382生日蛋糕限定礼物可更改年龄男孩女孩益智玩具,疯狂2008_007,上海,128.00,200+人付款
乐高悟空小侠80012齐天大圣黄金机甲男孩子拼装积木玩具5岁人仔14,h543515750,上海,125.00,900+人付款
费乐磁力片儿童益智玩具纯磁铁吸铁石动功能男孩智力玩具女孩动脑,费乐旗舰店,辽宁 沈阳,76.00,500+人付款
乐高积木10280花朵花束40460玫瑰永生10289天堂鸟圣诞节礼物玩具,疯狂2008_007,上海,75.00,300+人付款
儿童乐高积木拼装玩具飞机系列5岁6以上男孩简单7圣诞节礼物8拼图,东东和粉粉,湖南 长沙,37.00,1000+人付款
乐高兰博基尼跑车模型遥控汽车系列布加迪威龙高难度拼装积木玩具,tb261358172,广东 广州,235.00,99人付款
迪士尼城堡成年高难度微小颗粒积木女孩系列拼装模型兼容乐高玩具,仟丰母婴专营店,浙江 杭州,218.00,300+人付款
暴力告白熊颗粒积木益智立体拼装玩具成年高难度抖音同款兼容乐高,天天特卖工厂店,浙江 杭州,8.74,400+人付款
儿童小颗粒拼装积木小孩塑料拼插拼图3-6周岁男孩女孩diy益智玩具,天天特卖工厂店,浙江 杭州,21.20,100+人付款
乐高旗舰店官网好朋友系列41679森林小屋积木儿童玩具男孩女孩,乐高官方旗舰店,浙江 嘉兴,299.00,300+人付款
乐高圣诞礼物乐高旗舰店官网41393烘焙大赛乐高积木儿童玩具益智,乐高官方旗舰店,浙江 嘉兴,399.00,200+人付款
乐高科技机械组42126福特猛禽Ford F-150 Raptor皮卡男孩儿童积木,天猫国际进口超市,浙江 杭州,1254.00,34人付款
LEGO乐高积木拼装玩具好朋友系列 森林马术中心 41683,天猫国际进口超市,浙江 杭州,483.00,200+人付款
乐缔100件套磁力片积木1盒男女孩玩具益智拼装拼图磁性3-6岁礼物,天猫超市,上海,149.00,93人付款
布鲁可百变云梯消防车大颗粒积木拼插儿童玩具1盒DIY宝宝男女孩3+,天猫超市,上海,389.00,34人付款
奥迪双钻炫彩鲁班磁性魔方积木男女孩益智百变趣味启蒙节日礼品,天猫超市,上海,69.80,300+人付款
乐高小黄人格鲁实验室75546男孩女孩4岁+儿童拼装积木官方玩具,天猫超市,上海,198.00,36人付款
乐缔磁力片磁力铁拼装磁性棒吸铁石1盒男女孩益智玩具生日礼物,天猫超市,上海,79.00,100+人付款
LEGO乐高高难度10267姜饼屋积木玩具男孩女孩礼物成人系列圣诞,天猫国际进口超市国内现货,上海,1299.00,18人付款
乐高积木珍藏款21327打字机成人高手挑战积木玩具拼装复古打印机,天猫国际进口超市国内现货,上海,1904.00,7人付款
LEGO乐高10256 创意建筑街景泰姬陵男孩女孩拼搭积木益智玩具礼物,幸福的味道007,上海,3168.00,15人付款
乐高哈利波特系列76392霍格沃茨巫师棋儿童拼装益智玩具积木男孩,唛宝网,上海,438.00,100+人付款
特宝儿串珠儿童玩具穿珠子训练专注力宝宝益智大颗粒积木精细动作,topbright旗舰店,浙江 丽水,35.00,2000+人付款
乐高教玩具 LEGO 45028新品My XL World 9090补充套装 儿童礼物,蝙蝠侠爱吃肉,北京,1050.00,40人付款
儿童音乐盒乐高积木女孩系列圣诞节礼物圣诞树飘雪拼装八音盒玩具,mfy毛小毛,广东 广州,59.00,500+人付款
斯尔福婴幼儿童海绵软体泡沫搭建积木可咬女孩幼儿园早教变形积木,zhong_vera,浙江 宁波,22.00,600+人付款
儿童可升降积木桌子多功能拼装益智大颗粒男女孩学习玩具桌椅套装,瀚致母婴专营店,浙江 金华,198.00,100+人付款
儿童滚珠球轨道滑滑乐大颗粒拼装积木墙洗澡戏水宝宝益智玩具小孩,小榴芒哥哥,广东 汕头,24.00,3000+人付款
乐高积木儿童益智拼装城市小颗粒拼插男孩子玩具军事警车坦克拼图,陈沛欣279,广东 汕头,6.78,7000+人付款
LEGO乐高迪士尼冰雪奇缘43197艾莎的冰雪城堡女孩拼插积木玩具,leclub,北京,1216.00,47人付款
乐高LEGO限量款限定游乐场10261大型过山车益智收藏拼插玩具积木,了了包巴,北京,1780.00,30人付款
启蒙qq飞车积木玩具儿童益智拼装赛车机甲齐天大圣孙悟空模型男孩,优宝宝母婴专营店,上海,46.55,700+人付款
乐高劳斯莱斯小金人库里南跑车MOC成人高难度益拼装积木玩具模型,t_1489224196255_0134,广东 汕头,379.05,100+人付款
实木儿童玩具乐高积木桌子男女孩子3-6周岁宝宝游戏桌多功能大号2,小其家居,安徽 芜湖,688.00,91人付款
乐高兰博基尼跑车模型男孩子圣诞礼物益智布加迪赛车拼装积木玩具,jipeifeng0754,广东 汕头,18.90,1000+人付款
百变磁力棒2男孩4女孩3岁宝宝智力圣诞礼物6儿童益智积木拼装玩具,tb144026412,浙江 金华,16.92,5人付款
木制变脸魔方你哭我笑3D拼图亲子儿童趣味益智游戏减少孩子玩手机,秦永红494586977,河南 郑州,14.99,0人付款
巨大型乐高清明上河图拼装积木成年人高难度中国风建筑18岁以上,zhaohaitaomenglian,广东 汕头,292.04,100+人付款
儿童新年生日礼物男孩6岁以上7益智力8编程9电子路13积木12玩具10,聪宝宝玩具专营店,湖南 长沙,399.00,100+人付款
JAKI佳奇圣诞树积木八音盒玩具拼装音乐盒摆件女生送闺蜜圣诞礼物,jiaqi旗舰店,广东 汕头,89.00,700+人付款
万能工匠齿轮拼装插积木益智力动脑大颗粒4岁6男女孩儿童玩具礼物,贝玛玩具专营店,浙江 杭州,196.00,100+人付款
【直营】LEGO乐高成年高难度10267姜饼屋拼插积木玩具男孩女孩,天猫国际母婴直营,浙江 杭州,1299.00,11人付款
新款 LEGO乐高玩具拼插积木Disney火车71044 现货,1481071868心,上海,2619.00,17人付款
乐高圣诞树老人驾到房屋节日礼物积木冬季村庄男女孩系列拼装玩具,a970859285,广东 广州,168.00,200+人付款
乐高圣诞节礼物系列积木旋转音乐圣诞树八音盒拼装益智玩具男孩子,迷迷茫茫迷,广东 汕头,69.00,300+人付款
LEGO乐高76139超级英雄系列1989电影蝙蝠侠战车DC Batman积木玩具,szliudy13794,广东 深圳,1789.00,37人付款
圣诞节礼物树屋城堡拼插装小颗粒成人高难度玩具乐高积木女孩系列,crazygunman,广东 汕头,80.00,700+人付款
串珠儿童玩具宝宝早教穿珠子益智1一2岁女孩积木穿线精细动作训练,梦骑士玩具旗舰店,浙江 金华,12.60,3000+人付款
乐高哈利波特系列76389霍格沃茨密室男女孩益智拼装积木玩具礼物,liji0904,上海,838.00,52人付款
乐高粉红色全景巨大型乐园城堡高难度成年女孩拼装MOC积木模型6,爱喝茶0614,广东 汕头,1198.00,44人付款
男孩圣诞节日礼物拼装大儿童益智力互动玩具子学生6岁以上小朋友9,嘉会峰旗舰店,广东 汕头,153.00,300+人付款
百变布鲁可积木玩具车儿童大颗粒益智拼装变形战队布鲁克小队男孩,卡动乐玩具专营店,江苏 无锡,134.00,200+人付款
儿童积木宝宝城堡玩具1益智拼装智力2-3-6岁大颗粒5男孩4动脑拼图,蒙台梭利母婴专营店,上海,9.90,2000+人付款
乐高发现号航天飞机10283创意系列儿童拼装益智积木玩具男孩礼物,唛宝网,上海,1068.00,64人付款
俄罗斯方块积木拼图儿童益智智力思维训练木质制女孩男孩玩具宝宝,语安母婴专营店,上海,5.50,1万+人付款
彩窗磁力片积木儿童益智玩具拼装轨道磁铁5岁6拼接男孩圣诞节礼物,锐诚母婴专营店,广东 汕头,159.00,300+人付款
乐高积木拼装航天飞机nasa发现号10283成人高难度男孩儿童玩具,疯狂2008_007,上海,1048.00,62人付款
乐高哈利波特系列75979海德薇威76394凤凰福克斯积木男孩儿童玩具,疯狂2008_007,上海,238.00,200+人付款
积木幻影忍者玩具系列黄金神龙巨龙机甲摩托儿童益智拼装拼图男孩,cwhaicwh,广东 汕头,19.99,100+人付款
乐高LEGO机械组 42092救援直升机儿童益智拼插积木男女孩生日礼物,天猫国际母婴直营,浙江 杭州,399.00,30人付款
乐高宇航员积木微小颗粒拼装益智儿童玩具拼图成年太空人圣诞礼物,智鹰钻石积木,广东 汕头,12.80,2000+人付款
儿童大颗粒积木城堡拼装玩具益智3智力4乐高女孩子生日圣诞节礼物,蒙台梭利母婴专营店,上海,58.00,500+人付款
星黛露小颗粒积木兼容乐高儿童益智拼装玩具模型男女孩高难度礼物,天天特卖工厂店,浙江 杭州,3.50,800+人付款
微型积木成年高难度男女孩子兼容乐高迪士尼城堡益智拼装玩具礼物,天天特卖工厂店,浙江 杭州,49.00,100+人付款
圣诞礼物乐高旗舰店官网得宝10956马卡龙主题游乐园积木儿童玩具,乐高官方旗舰店,浙江 嘉兴,949.00,100+人付款
乐高圣诞礼物【12月新品上线】乐高旗舰店官网10290皮卡积木玩具,乐高官方旗舰店,浙江 嘉兴,1199.00,89人付款
【直营】EGO乐高悟空小侠系列80024传奇花果山男孩子拼装积木玩具,天猫国际进口超市,浙江 杭州,1598.00,23人付款
乐高冰雪奇缘41168艾莎创意珠宝盒爱莎公主首饰盒6岁女孩系列积木,天猫国际进口超市,浙江 杭州,448.00,51人付款
澳贝磁力片积木拼装2-3岁益智儿童女孩男孩磁铁磁力套装玩具礼物,天猫超市,上海,189.00,200+人付款
布鲁可直升机大颗粒积木1盒DIY儿童宝宝拼插礼物玩具百变布鲁克3+,天猫超市,上海,169.00,43人付款
启蒙keeppley一乐拉面拼插积木男孩玩具火影忍者正版授权K20509,天猫超市,上海,599.00,20人付款
儿童积木拼装恐龙玩具4只装拆装组合1盒动手工diy拧螺丝益智礼物,天猫超市,上海,69.00,100+人付款
纽奇儿童多功能积木桌拼装益智玩具1套男孩女孩3-6岁大颗粒礼物,天猫超市,上海,118.00,100+人付款
乐高珍藏纪念款迪士尼系列71040迪士尼公主城堡儿童成年积木收藏,天猫国际进口超市国内现货,上海,3079.00,6人付款
乐高积木幻影忍者系列71746丛林飞龙爆破飞机极速战车机甲带人仔,天猫国际进口超市国内现货,上海,379.00,19人付款
多米诺骨牌自动发牌投放电动小火车玩具3-6-8岁 儿童益智网红玩具,养生乌托邦,安徽 芜湖,49.80,7000+人付款
乐高孙悟空小侠系列传奇花果山齐天大圣机甲积木拼装玩具男孩国产,饰恒久,广东 汕头,98.00,300+人付款
喜字积木送闺蜜新婚创意礼物diy手工肿窒嗫蚪峄榧湍钊绽衿匪屠,风行天_007,安徽 合肥,9.00,100+人付款
积木成年高难度女孩子迪士尼城堡大人益智拼装玩具圣诞节礼物,tb144026412,浙江 金华,37.22,5人付款
积木女孩系列迪士尼公主城堡成年高难度大人益智拼装玩具生日礼物,tb464730200,广东 汕头,165.62,500+人付款
泡沫积木大号软体海绵幼儿园海棉软体构建益智儿童拼装搭建玩具,瓯潮玩具,浙江 温州,26.00,7人付款
乐高 LEGO 71360 积木玩具 任天堂超级玛丽 马里奥大冒险基础套装,北京正版品牌玩具店,北京,388.00,100+人付款
拼奇复古电视机拼装积木儿童益智玩具潮玩男女孩创意家居摆件礼物,拼奇旗舰店,广东 潮州,299.00,400+人付款
乐高40460情人节玫瑰花束花朵40461郁金香积木玩具鲜花圣诞节礼物,唛宝网,上海,75.00,600+人付款
欢乐客电动齿轮犯呋木机械大颗粒拼装益智女男孩子科教儿童玩具,巧智乐母婴专营店,湖南 长沙,114.00,200+人付款
兼容乐高积木男孩子大颗粒滑道儿童拼装玩具女孩益智力轨道滚球,xiyunyun123,广东 汕头,115.00,200+人付款
乐高积木街景儿童玩具益智男孩拼装房子别墅女孩系列商业小吃城堡,周钊平,广东 汕头,9.50,200+人付款
儿童多功能益智积木桌男女孩拼装玩具桌子宝宝实木大颗粒游戏桌,胥寒1,江苏 无锡,168.00,100+人付款
LEGO乐高10295创意百变保时捷911跑车汽车模型积木男孩玩具礼物,szliudy13794,广东 深圳,693.00,93人付款
儿童益智玩具建筑大师4圣诞节10男孩5-6岁7以上8生日礼物9小学生,俏皮谷旗舰店,上海,99.00,300+人付款
乐高兰博基尼v12拼装积木模型成年高难度巨大型跑车赛车男孩玩具,baby红苹果乐园,广东 汕头,159.00,200+人付款
乐高9656教具套装机构早期简单机械齿轮幼儿童大颗粒拼装原理积木,才艺家居旗舰店,上海,150.00,200+人付款
乐高积木百变工程大颗粒拼装9656/45002教具套装齿轮机械儿童玩具,才艺家居旗舰店,上海,118.00,300+人付款
【现货】乐高 LEGO 43172 积木玩具 冰雪奇缘 艾莎的魔法冰雪城堡,雨齐泪,北京,724.00,79人付款
球乐堡儿童乐园益智早教墙面玩具幼儿园走廊齿轮科技墙上游戏定制,liguli2008,浙江 温州,100.00,100+人付款
Faroro实木积木桌子儿童多功能玩具桌宝宝拼装玩具益智可收纳大号,faroro旗舰店,浙江 杭州,939.00,67人付款
玩乐汇儿童磁吸力益智玩具磁力积木大颗粒婴幼儿益智磁铁礼品拼装,金璞玩具专营店,上海,88.00,200+人付款
大号颗粒串珠子动物字母数字交通串绳子积木玩具儿童早教智力玩具,天天特卖工厂店,浙江 杭州,9.90,1000+人付款
兼容乐高成人高难度微小颗粒积木儿童拼装益智男女孩玩具立体拼图,天天特卖工厂店,浙江 杭州,7.90,1000+人付款
乐高圣诞礼物乐高旗舰店官网42121重型挖掘机积木益智儿童玩具,乐高官方旗舰店,浙江 嘉兴,399.00,200+人付款
圣诞礼物乐高旗舰店官网41685神奇的游乐场过山车积木儿童玩具,乐高官方旗舰店,浙江 嘉兴,899.00,98人付款
LEGO乐高积木星球大战系列积木套组千年隼号拼插玩具儿童成人益智,天猫国际进口超市,浙江 杭州,1199.00,31人付款
乐高红色吉他珍藏款21329男女孩积木玩具成人高手挑战高难度积木,天猫国际进口超市,浙江 杭州,1179.00,30人付款
乐高哈利波特草药课76384男孩女孩8岁+儿童拼装积木官方新款玩具,天猫超市,上海,298.00,100+人付款
启蒙Keeppley拼插玩具乐高积木儿童玩具宫廷系列精巧太和殿K10124,天猫超市,上海,199.00,73人付款
小颗粒积木6长征运载火箭模型拼装玩具神舟十号8男孩益智乐高拼插,天猫超市,上海,149.00,200+人付款
Gemem婴儿童水果绕珠多功能益智积木玩具串珠男女孩1-2岁3早教1个,天猫超市,上海,59.90,300+人付款
纽奇彩窗纯磁力片积木磁铁1套儿童礼物1-3-6岁男女孩益智拼装玩具,天猫超市,上海,159.00,81人付款
【直营】LEGO乐高机械系列42121重型挖掘机男孩模型拼装积木玩具,天猫国际进口超市国内现货,上海,398.00,16人付款
森宝积木森宝花束装饰diy男女朋友520圣诞节小礼物情人节积木礼品,森宝积木旗舰店,广东 汕头,18.90,6000+人付款
电学小子电子积木6688拼儿童电路玩具9988实验物理益智力动脑拼装,电学小子玩具旗舰店,广东 汕头,148.00,200+人付款
乐高积木漫威超级英雄76168美国队长76140钢铁侠机甲灭霸拼搭人仔,天猫国际进口超市国内现货,上海,104.00,69人付款
乐高冰雪奇缘迪士尼城堡女孩系列礼物拼装模型成年高难度积木玩具,高sexy,广东 深圳,119.00,400+人付款
LEGO乐高小鬼当家21330圣诞节街景 建筑 男女拼搭积木玩具 礼物,开心包包店,上海,1608.00,67人付款
K盒子积木乐高保时捷911rwb遥控跑车赛车模型成人高难度拼装玩具,隆高玩具专营店,广东 汕头,328.00,100+人付款
万能工匠幼儿园早教拼装圆积木玩具齿轮动手脑智男女孩小学生益童,万能工匠旗舰店,浙江 杭州,196.00,100+人付款
loz新品小颗粒积木拼装圣诞咖啡馆成人街景糖果屋玩具男女孩礼物,gun123654789,广东 深圳,39.00,1000+人付款
乐高80012悟空小侠系列齐天大圣黄金机甲/80010/80028/80021积木,胡承华8436,湖北 武汉,478.00,100+人付款
学无涯电子百拼小学组X-801正品包邮福建江西锦标赛指定器材STEAM,豆子米米2012,福建 泉州,439.00,99人付款
LEGO乐高76240蝙蝠战车 暗黑骑士蝙蝠侠战车 男女孩拼搭积木 玩具,panfeng19871225,上海,1258.00,38人付款
幼儿童玩具数字拼图积木早教益智力开发1-2一岁半3两男孩女孩宝宝,樊252129169,浙江 丽水,16.80,3000+人付款
LEGO乐高10272老特拉福德球场红魔曼联主场球迷拼搭积木玩具礼物,幸福的味道007,上海,1929.00,42人付款
新款 蛋糕积木桌面摆件闺蜜生日礼物小颗粒可爱拼接益智玩具,heb小辉,河北 衡水,37.81,0人付款
木制变脸魔方你哭我笑3D拼图亲子儿童趣味益智游戏减少孩子玩手机,秦永红494586977,河南 郑州,14.99,0人付款
木头拼装宝宝益智玩具木制磁性俄罗斯方块积木男孩立体拼图七巧板,linsong_china,广东 汕头,8.88,0人付款
儿童大颗粒积木拼装玩具益智圣诞小孩3岁以上4宝宝5男孩女孩6智力,锐诚母婴专营店,广东 汕头,29.00,1000+人付款
儿童桌子乐高积木学习桌多功能幼儿宝宝拼装1益智3岁玩具台玩具桌,当这个世界还小,广东 汕头,15.64,70人付款
儿童玩具男孩益智10岁3男生6一13高级2021年新款生日圣诞节礼物小,琉缘旗舰店,广东 深圳,158.00,300+人付款
LEGO乐高EV3家庭版31313教育版核心45544配件库45560 45678 45680,乐高一号店,北京,590.00,21人付款
街景建筑乐高小颗粒拼装积木模型男童女孩系列迷你城市甜品屋玩具,tb049327934,广东 汕头,6.50,1000+人付款
乐高积木网红暴力熊爱心积木熊摆件模型高难度拼装礼物女孩子玩具,草莓牛奶加冰,广东 汕头,258.00,200+人付款
致砖编程师小牛顿实验室电动积木小颗粒兼容乐高拼插小小机器人玩,tb284569418,广东 深圳,259.00,100+人付款
16片宝宝木质拼图拼版 2-3-4-5-6岁女孩男孩儿童积木游戏益智玩具,天天特卖工厂店,浙江 杭州,3.00,1000+人付款
微型小颗粒乐高苹果积木钻石拼装玩具益智成人儿童女孩圣诞节礼物,天天特卖工厂店,浙江 杭州,8.74,1000+人付款
乐高圣诞礼物乐高旗舰店官网 10279大众T2野营车成人益智积木玩具,乐高官方旗舰店,浙江 嘉兴,1499.00,71人付款
乐高旗舰店官网星球大战系列75315帝国轻型巡洋舰积木玩具男女孩,乐高官方旗舰店,浙江 嘉兴,1599.00,74人付款
丹麦MODU儿童圣诞礼物 大型积木DIY益智玩具创意周岁送礼生日礼品,天猫国际进口超市,浙江 杭州,2180.00,21人付款
乐高75954哈利波特霍格沃茨城堡益智拼装积木儿童玩具男孩女孩,天猫国际进口超市,浙江 杭州,1599.00,47人付款
儿童玩具男孩女孩益智多功能开发智力动脑宝宝3-4岁2圣诞生日礼物,酷能玩具旗舰店,广东 汕头,44.80,7人付款
乐高三合一宠物店咖啡厅31097男孩女孩9岁+儿童拼装积木官方玩具,天猫超市,上海,796.00,12人付款
森宝积木森宝山东舰文创积木军舰航空母舰战斗群成人拼装模型6岁+,天猫超市,上海,598.00,31人付款
乐高哈利波特系列76389霍格沃茨密室儿童拼装积木玩具男孩礼物,唛宝网,上海,928.00,72人付款
乐高超级英雄铁霸王之乱 76190男孩9岁+儿童拼装积木官方新款玩具,天猫超市,上海,398.00,45人付款
乐高赛车系列雪佛兰科尔维特76903男孩8岁+儿童拼装积木官方玩具,天猫超市,上海,398.00,56人付款
乐高40385奖杯 成人粉丝限量款圣诞节日款小颗粒男女孩拼插积木,天猫国际进口超市国内现货,上海,154.00,65人付款
乐高哈利波特草药课76384男孩女孩8岁+儿童拼装积木官方新款玩具,天猫超市,上海,298.00,100+人付款
日本Toyroyal皇室玩具软积木拼装玩具儿童益智拼插大颗粒塑料宝宝,toyroyal皇室玩具旗舰店,上海,79.00,300+人付款
乐高积木摩托车系列川崎h2r杜卡迪成年高难度巨大型拼装模型玩具,唯爱碧落,广东 汕头,105.84,600+人付款
乐高迪士尼公主城堡乐园女孩系列成年人高难度拼装积木玩具礼物,tb847596_2011,广东 汕头,388.00,100+人付款
乐高军事99A主战坦克积木男孩拼装8玩具6-12岁装甲车礼物遥控模型,tb216846052,广东 汕头,75.00,500+人付款
乐高圣诞节礼物男孩子女孩飘雪灯光旋转音乐盒拼装积木儿童玩具,invenol,广东 广州,56.00,1000+人付款
编程机器人套装乐高积木9686电子机械组STEM教育教材wedo2.0玩具,like小星米,广东 汕头,98.00,400+人付款
【直营】LEGO乐高76394 哈利波特系列福克斯凤凰男女孩益智积木,天猫国际进口超市国内现货,上海,499.00,17人付款
鲸鱼机器人儿童百变拼装玩具早教益智男孩电动遥控编程积木3-6岁,小鲸造旗舰店,上海,314.00,82人付款
圣诞节新年礼物儿童小男孩玩具5-12岁生日6益智力7男童8以上9十10,绿之爱旗舰店,上海,161.00,100+人付款
布鲁可积木欢乐中国桶百变布鲁克儿童益智拼装玩具男孩女孩,布鲁可旗舰店,上海,399.00,300+人付款
乐高积木圣诞礼盒40499圣诞老人雪橇40426圣诞花环男女孩圣诞礼物,天猫国际母婴直营,浙江 杭州,384.00,28人付款
晚峰清式故宫保和殿斗拱积木玩具中国古建筑模型榫卯结构礼品教具,晚峰旗舰店,浙江 杭州,588.00,100+人付款
儿童玩具男孩益智多功能开发智力动脑早教一两女孩0-12婴幼儿宝宝,酷宝兔母婴专营店,广东 汕头,8.50,5000+人付款
乐高珍藏纪念款71043哈利波特霍格沃茨城堡大房子积木拼装玩具,天猫国际母婴直营,浙江 杭州,3929.00,3人付款
乐高积木航空母舰辽宁号大型山东舰高难度男孩子拼装玩具模型12岁,jbn19870618,上海,568.00,100+人付款
儿童乐园玩具桌益智手工太空桌沙桌高档积木桌游乐场多功能沙盘桌,游乐设备加工厂,江苏 徐州,800.00,45人付款
澳洲彩窗Connetix磁力片轨道马卡龙儿童益智磁铁管道宝宝积木玩具,一见封猴,江苏 苏州,172.00,81人付款
万能组合工匠幼儿园益智玩具儿童万能的拼插工匠积木户外大型器材,单建芬04,浙江 温州,928.00,63人付款
乐高积木拼装玩具城市特警男孩儿童益智力汽车拼图立体3d模型拼搭,qq704888682,广东 汕头,19.90,2000+人付款
LEGO乐高10284巴萨 诺坎普球场 足球场拼搭积木玩具 球迷收藏礼物,幸福的味道007,上海,1708.00,44人付款
得力74517卡通木质拼图儿童木质拼插早教认知玩具图案随机24片,齐协有品,安徽 滁州,17.52,0人付款
积木成年高难度女孩子迪士尼城堡大人益智拼装玩具圣诞节礼物,tb144026412,浙江 金华,37.22,5人付款
乐高30628哈利波特妖怪们的妖怪书成人拼装积木模型玩具包邮70074,射手man,广东 汕头,25.00,100+人付款
乐高旗舰店官网10255城市中心集会广场乐高积木拼装玩具益智成人,乐高官方旗舰店,浙江 嘉兴,2299.00,33人付款
乐高圣诞礼物乐高旗舰店官网71756水下赏赐号乐高积木儿童玩具,乐高官方旗舰店,浙江 嘉兴,1299.00,69人付款
【直营】LEGO乐高 机械组42118 42119Monster Jam-GD/MD 积木玩具,天猫国际进口超市,浙江 杭州,289.00,100+人付款
乐高珍藏纪念10279创意系列大众T2野营房车拼装积木成人高手挑战,天猫国际进口超市,浙江 杭州,1498.00,32人付款
儿童玩具1一3岁以上五5宝宝男孩6女孩4益智2智力动脑拼装积木礼物,酷能玩具旗舰店,广东 汕头,12.80,5人付款
儿童玩具益智早教智力动脑多功能男孩3-6岁以上女孩宝宝生日礼物,酷能玩具旗舰店,广东 汕头,12.90,11人付款
儿童动物拼插宝宝积木大颗粒拼装百变玩具多功能男女孩益智力3岁,仟威玩具专营店,广东 深圳,26.90,1人付款
LEGO乐高创意百变10295保时捷911跑车汽车模型积木男女孩玩具礼物,天猫国际母婴直营,浙江 杭州,899.00,11人付款
启蒙拼装乐高积木儿童玩具立体拼插大型巡洋舰航母男孩礼物6-12岁,天猫超市,上海,129.00,100+人付款
布鲁可警车大颗粒积木DIY儿童玩具宝宝1盒DIY礼物益智布鲁克男女,天猫超市,上海,149.00,97人付款
启蒙Keeppley祝融火星车天问一号积木中国航天益智拼装玩具K10205,天猫超市,上海,149.00,100+人付款
拼装玩具积木男孩子航空母舰模型儿童航母礼物10岁益智力兼容乐高,革康母婴专营店,广东 汕头,93.10,700+人付款
LEGO乐高机械组42122Jeep牧马人越野车汽车男孩益智拼搭积木玩具,幸福的味道007,上海,328.00,200+人付款
植物大战僵尸玩具天空之城拼装乐高积木儿童益智拼插模型男女礼物,xiemeisheng1985,广东 汕头,52.00,400+人付款
乐高汽车布加迪威龙兰博基尼拼装积木保时捷911跑车儿童玩具男孩,好爸爸电商,广东 广州,198.00,200+人付款
乐高积木百变高手10261大型过山车成人高难度拼装玩具收藏礼物,拼搭王国,上海,1968.00,17人付款
lego乐高42123机械组迈凯伦塞纳赛车42107杜卡迪摩托车儿童积木,run在时尚尖,浙江 温州,299.00,200+人付款
乐高圣诞礼物玫瑰花束瓶积木女孩系列成年高难度拼装玩具永生鲜花,童乐缘,广东 汕头,135.00,400+人付款
乐高铁臂阿童木机甲模型动漫成年高难度巨大型拼装积木拼奇玩具男,纪佩如77,广东 汕头,519.00,69人付款
乐高星球大战系列75308 R2-D2机器人萌粒模型拼装积木玩具男孩,唛宝网,上海,1318.00,55人付款
乐高科技机械组42083布加迪威龙成人玩具汽赛车拼装益智积木男孩,唛宝网,上海,2639.00,74人付款
潮牌ks暴力熊积木微小颗粒拼装玩具kaws大型大号女孩成年摆件礼物,遇见美品,浙江 丽水,35.90,1000+人付款
宝宝积木玩具0-1-2岁3婴儿童男孩女孩益智力动脑木头拼装幼儿早教,木丸子玩具旗舰店,浙江 丽水,39.90,1000+人付款
LEGO乐高欧洲风情书店10270城市街景系列女孩益智拼装积木玩具,wang爱heng,上海,998.00,92人付款
乐高好朋友奥莉薇亚的汽车41443女孩6岁+儿童拼装积木官方玩具,天猫超市,上海,137.00,100+人付款
LEGO乐高42096 保时捷911RSR科技机械组超跑男孩益智拼装积木玩具,幸福的味道007,上海,989.00,100+人付款
纽奇大颗粒积木磁力棒74根装男孩拼装益智2岁宝宝磁力磁铁玩具,天猫超市,上海,159.00,88人付款
奇麦数字叠叠高叠叠乐釜底抽薪抽抽积木亲子桌面儿童游戏成人玩具,kismine奇麦旗舰店,北京,69.00,800+人付款
乐高40478迷你迪士尼小城堡儿童益智拼装积木男女孩玩具礼物,北京正版品牌玩具店,北京,196.00,100+人付款
乐高积木桌子儿童玩具益智多功能拼装大颗粒女孩系列宝宝智力动脑,亲您想要啥,广东 汕头,108.00,300+人付款
LEGO乐高 76391海德薇哈利波特霍格沃茨珍藏套装大型拼装积木玩具,christmas841007,上海,1650.67,47人付款
乐高积木墙黑板墙二合一大颗粒儿童益智拼装玩具墙面家用壁挂式,玉聚母婴专营店,浙江 温州,39.60,200+人付款
森宝积木圣诞节礼物益智拼装玩具圣诞树装饰品盲盒摆件挂件礼品,森宝积木森迪专卖店,广东 汕头,18.00,1000+人付款
乐高积木拼装机械组系列救援气垫船42120男孩子儿童益智玩具礼物,疯狂2008_007,上海,179.00,300+人付款
乐高积木女孩冰雪奇缘2系列安娜和艾莎迪士尼城堡拼装儿童玩具,天猫国际进口超市国内现货,上海,198.00,62人付款
乐高71043哈利波特霍格沃兹城堡建筑成年人高难度巨大型拼装积木,tb309598950,广东 汕头,215.00,100+人付款
LEGO乐高积木拼装玩具创意百变系列 摩天轮 31119儿童益智拼插,天猫国际母婴直营,浙江 杭州,654.00,10人付款
乐高积木高难度巨大型10000粒苏州园林建筑女孩系列成年18岁以上,tb93527020,广东 汕头,103.00,500+人付款
LEGO乐高80109中国风节日系列冰上新春新年拼搭积木玩具限定礼物,szliudy13794,广东 深圳,849.00,100+人付款
儿童积木桌子兼容乐高实木游戏桌宝宝益智玩具多功能学习桌早教台,创为科教,浙江 温州,430.00,98人付款
天安门乐高积木成年高难度巨大型10000粒18岁以上拼装玩具男孩12,万宝龙玩具,广东 汕头,54.99,600+人付款
泡沫积木大号软体海绵幼儿园海棉软体构建益智儿童拼装搭建玩具,瓯潮玩具,浙江 温州,26.00,7人付款
百变磁力棒2男孩4女孩3岁宝宝智力圣诞礼物6儿童益智积木拼装玩具,tb144026412,浙江 金华,16.92,5人付款
宇宙星球模型积木小颗粒高难度大型地球仪3d立体拼图拼装玩具益智,苹果橘子真好吃,北京,37.24,0人付款
乐高宇航员积木太空系列送男女朋友圣诞节手工生日礼物微颗粒摆件,伊瑶丽玩具专营店,广东 汕头,71.50,4人付款
儿童积木拼装玩具益智弹珠轨道滚珠滑道男孩智力开发女孩圣诞礼物,优贝玩具专营店,浙江 杭州,98.00,500+人付款
乐高好朋友丛林营救基地41424女孩8岁+儿童拼装积木官方大型玩具,天猫超市,上海,702.00,28人付款
磁力棒组合套装巴克百变球1000颗磁铁磁力积木儿童益智拼装玩具,继荣母婴专营店,浙江 杭州,55.00,100+人付款
儿童玩具益智男孩子3到6宝宝10岁以上小9女孩男童8生日圣诞节礼物,cymo旗舰店,广东 广州,118.00,300+人付款
乐高积木圣诞节飘雪音乐盒女孩拼装玩具男孩圣诞树八音盒儿童礼物,tb863750401,广东 汕头,59.00,1000+人付款
益智字母abcd变形玩具套装男孩百变金刚5机器人合体6岁恐龙组合体,天猫超市,上海,198.00,65人付款
LEGO乐高21323钢琴可弹奏IDEA系列男孩女孩拼装益智积木玩具礼物,tb5006274633,北京,425.89,100+人付款
乐高得宝航空任务10944男孩女孩2岁+儿童拼装积木官方新款玩具,天猫超市,上海,198.00,100+人付款
乐高宇航员太空微颗粒积木送男女朋友生日新跨年礼物成人拼装玩具,淘乐优品_toys,广东 汕头,9.80,1000+人付款
儿童积木木头益智拼装玩具婴儿宝宝大颗粒木质桶装1-2岁3男孩女孩,海歌玩具专营店,北京,86.00,500+人付款
LEGO乐高76391海德薇雕像哈利波特系列 男女孩益智拼搭积木玩具海,北京正版品牌玩具店,北京,1428.00,45人付款
乐高积木成年高难度巨大型建筑拼装玩具男孩12岁10000粒以上8女14,智婴童玩具,广东 汕头,68.10,200+人付款
乐高圣诞节拼装低趴甲壳虫积木圣诞树带灯光儿童益智汽车玩具女孩,tb261358172,广东 广州,321.00,100+人付款
儿童玩具4益智力动脑5幼儿园3到6岁以上新年男女孩圣诞节生日礼物,聪宝宝玩具专营店,湖南 长沙,149.00,400+人付款
LEGO乐高71374任天堂NES主机红白机游戏机超级马里奥拼插玩具收藏,唛宝网,上海,1649.00,76人付款
儿童乐高积木桌子实木大颗粒多功能男女孩宝宝动脑益智力拼装玩具,长湖电子商务,江苏 徐州,208.00,300+人付款
【直营】LEGO乐高机械组42115兰博基尼跑车汽车经典拼装玩具积木,天猫国际母婴直营,浙江 杭州,3398.00,3人付款
乐高积木幻影忍者系列忍者花园71741旗舰店官网同款男孩女孩玩具,疯狂2008_007,上海,1698.00,69人付款
乐高积木女孩子冰雪奇缘系列心湖城公主美人鱼茉莉艾莎迪士尼城堡,天猫国际母婴直营,浙江 杭州,198.00,51人付款
jaki佳奇圣诞树八音盒积木新年礼物送女朋友音乐盒儿童拼装玩具,安可母婴专营店,广东 深圳,79.00,700+人付款
乐高积木圣诞老人礼物品拼装益智微颗粒男女孩系列儿童雪人树情侣,ztdm1111,广东 汕头,6.80,2000+人付款
小米积木木星黎明系列猎户座六足泰坦智能拼插遥控玩具积木儿童礼,lizhaosheng1989,北京,439.00,100+人付款
乐高经典创意小号积木盒10692男孩女孩4岁+儿童拼装积木官方玩具,天猫超市,上海,141.00,100+人付款
宝贝趣儿童拧螺丝钉仿真工具箱3D积木拼图电钻拼搭玩具男孩1盒,天猫超市,上海,99.00,200+人付款
双层实木儿童多功能乐高积木桌子男孩宝宝拼装益智力玩具桌椅套装,星品家居,江苏 徐州,208.00,200+人付款
儿童玩具3-6周岁7男孩9益智力动脑10圣诞节2宝宝4男童15生日礼物8,班迪萌玩具专营店,广东 汕头,128.00,700+人付款
Hape80粒积木 拼装儿童玩具益智1-3岁婴儿宝宝生日礼物木制质桶装,hape旗舰,江苏 常州,98.00,900+人付款
LEGO乐高 31203世界地图 拼图马赛克 壁画 拼插积木玩具礼物,幸福的味道007,上海,1548.00,65人付款
乐高积木高难度巨大型男孩子10岁拼装辽宁号益智儿童航空母舰玩具,llmsad,广东 汕头,29.90,1000+人付款
LEGO乐高布加迪威龙42083跑车机械组汽车系列男孩拼装积木玩具,wang爱heng,上海,2639.00,48人付款
乐高得宝10874智能蒸汽火车大颗粒积木玩具儿童礼物旗舰店官网,liji0904,上海,328.00,100+人付款
积木玩具3-6周岁大块塑料房子拼装插女孩男宝宝益智1-2岁儿童玩具,爱松利旗舰店,浙江 杭州,9.80,3000+人付款
儿童益智玩具小孩5男童6男孩7大童8-9岁以上10至12生日圣诞节礼物,微尚品玩具专营店,广东 汕头,107.00,400+人付款
迪宝乐电子积木银河星空版旗舰百拼装儿童科学实验电路玩具6-18岁,爱懒人家居,上海,178.00,100+人付款
热卖益智沙盘玩具游戏积木桌幼儿园太空玩沙桌台儿童早教游乐设备,lhh41616,江苏 徐州,930.00,51人付款
正品现货乐高lego街景 10260怀旧餐厅 10211百货大楼 10197消防局,tb1755949_2011,上海,928.00,30人付款
巴克百变球1000颗正版魔力磁铁磁力球八克珠积木棒吸铁石益智玩具,缘自你旗舰店,浙江 金华,15.80,1000+人付款
实木儿童玩具桌多功能乐高积木桌子大号大颗粒收纳游戏桌3-6周岁,安庆程平,安徽 合肥,680.00,94人付款
微小颗粒拼装积木益智玩具儿童乐高拼图圣诞节平安夜礼物苹果摆件,嬉仔玩具,浙江 金华,23.90,1000+人付款
费乐高难度玩具大颗粒积木机械齿轮螺丝工程车6益智拼装儿童8男孩,蒙台梭利母婴专营店,上海,153.00,300+人付款
木制变脸魔方你哭我笑3D拼图亲子儿童趣味益智游戏减少孩子玩手机,秦永红494586977,河南 郑州,14.99,0人付款
积木女孩系列迪士尼公主城堡成年高难度大人益智拼装玩具生日礼物,tb464730200,广东 汕头,165.62,500+人付款
儿童多功能积木桌大颗粒男孩女孩宝宝拼装玩具动脑益智桌子3-6岁,利瑞达婴童企业店,河北 保定,73.00,1人付款
森宝积木遥控跑车拼装玩具益智高难度赛车积木车儿童男孩生日礼物,森宝积木森迪专卖店,广东 汕头,160.00,10人付款
稀奇物「一个星球」塑料3d水晶拼图积木创意装饰居家摆件生日礼物,稀奇物旗舰店,江苏 常州,15.90,12人付款
多功能拼装玩具儿童积木桌子女孩男孩宝宝益智学习游戏玩具桌商场,万木鑫玩具专营店,广东 深圳,169.00,5人付款
JAKI佳奇积木僵小鱼拼装儿童玩具模型室内趣味摆件送女孩生日礼物,jiaqi旗舰店,广东 汕头,29.00,2人付款
植物大战僵尸积木新年礼物3岁拼装5玩具6益智7儿童8智力动脑男孩,知叶玩具专营店,上海,53.00,31人付款
科巢婴幼儿穿绳串珠积木宝宝绕珠子益智早教儿童玩具1-2岁男女孩,scoornest科巢旗舰店,上海,69.90,200+人付款
兼容乐高ev3教育版国产45544高级编程机器人套装件45560教具STEM,启智动漫,上海,489.02,36人付款
乐高珍藏纪念Ideas系列21323钢琴可弹奏积木拼装玩具益智成人收藏,天猫国际母婴直营,浙江 杭州,3079.00,3人付款
乐高76391海德薇哈利波特系列男女孩儿童拼装积木玩具圣诞节礼物,liji0904,上海,1478.00,68人付款
百变磁力棒儿童益智玩具片2宝宝拼装拼接5女男孩3到6岁吸铁石积木,勒米熊旗舰店,广东 揭阳,33.80,900+人付款
乐高哆啦a梦积木玩具小颗粒成年人高难度情侣人圣诞节生日礼物,ckx凯鑫,广东 汕头,69.00,700+人付款
实木儿童玩具乐高积木桌子男女孩子1-2-3-6周岁积木桌多功能大号,萌宝贝积木屋,江苏 徐州,780.00,93人付款
乐高得宝农场动物家园10952男孩女孩2岁+儿童拼装积木官方玩具,天猫超市,上海,698.00,29人付款
乐高圣诞系列40484圣诞老人前院男女孩圣诞节礼物弥鹿圣诞摆件,天猫国际进口超市国内现货,上海,194.00,37人付款
乐高珍藏款圣诞粉丝创意小鬼当家21330 圣诞节街景大房子建筑礼物,天猫国际进口超市国内现货,上海,2249.00,7人付款
乐高42125法拉利Ferrari488GTE赛车科技机械42096男孩玩具,雨齐泪,北京,798.00,58人付款
粉色迪士尼城堡积木女孩微颗粒拼装玩具圣诞节泰坦尼克送女生礼物,宝智纯玩具,广东 汕头,20.00,300+人付款
LOZ/俐智圣诞树音乐盒积木成年高难度女孩益智拼装玩具圣诞节礼物,俐智旗舰店,广东 汕头,124.00,900+人付款
俏娃圣诞男孩玩具儿童益智力启蒙拼装2-6岁宝宝生日3周岁礼物女,俏娃宝贝玩具旗舰店,广东 汕头,88.00,800+人付款
兼容乐高大颗粒女孩梦幻城堡别墅积木女童益智拼插拼装塑料玩具,贝萌诺玩具店,广东 汕头,83.00,200+人付款
铁盒木质拼图3-6-7-8-9-10岁幼儿园儿童益智男女宝宝早教积木玩具,我们是永远e家人,浙江 金华,5.80,1000+人付款
木制儿童积木拼装玩具益智力开发1-3-6周2岁实木质宝宝木头幼儿园,草莓木玩玩具专营店,浙江 丽水,23.90,1000+人付款
女孩子系列大颗粒儿童积木桌宝宝拼装玩具益智多功能智力动脑礼物,金胜星玩具专营店,广东 汕头,79.90,400+人付款
古迪植物大战僵尸正版授权拼搭益智积木8时光穿梭机6男孩圣诞礼物,天猫超市,上海,189.00,100+人付款
积木桌多功能儿童拼装益智商用幼儿园大尺寸男女孩玩具台兼容乐高,长湖电子商务,江苏 徐州,670.00,74人付款
LEGO乐高ideas典藏瓶中船92177漂流瓶21313男女孩积木玩具礼物,乐高几可专卖店,上海,749.00,100+人付款
乐高Ideas系列 21321 国际空间站益智拼装积木玩具男孩女孩送礼,乐高玩具专卖店,上海,759.00,100+人付款
乐高哈利波特魔法书76382变形课魔咒课男女孩子拼装积木霍格沃茨,有你真好ku,广东 汕头,35.00,1000+人付款
乐高积木缤纷圣诞树创意旋转音乐盒圣诞节礼物男女孩益智拼装玩具,风歌文具,广东 汕头,89.00,800+人付款
儿童积木拼装玩具益智弹珠轨道滚珠滑道男孩智力开发女孩圣诞礼物,优贝玩具专营店,浙江 杭州,98.00,500+人付款
乐高好朋友丛林营救基地41424女孩8岁+儿童拼装积木官方大型玩具,天猫超市,上海,702.00,28人付款
磁力棒组合套装巴克百变球1000颗磁铁磁力积木儿童益智拼装玩具,继荣母婴专营店,浙江 杭州,55.00,100+人付款
儿童玩具益智男孩子3到6宝宝10岁以上小9女孩男童8生日圣诞节礼物,cymo旗舰店,广东 广州,118.00,300+人付款
发光宇航员微小颗粒积木非乐高太空成人拼装男女孩diy生日送礼物,天天特卖工厂店,浙江 杭州,7.80,1000+人付款
儿童八合一早教启智玩具木制积木数字字母对数板拼图形状配对动物,天天特卖工厂店,浙江 杭州,4.90,1000+人付款
乐高旗舰店官网城市组60243直升机大追击积木儿童玩具男孩女孩,乐高官方旗舰店,浙江 嘉兴,299.00,300+人付款
圣诞礼物乐高积木官方旗舰店76394福克斯邓布利多的凤凰积木玩具,乐高官方旗舰店,浙江 嘉兴,399.00,200+人付款
【直营】LEGO乐高积木拼装玩具得宝系列蒸汽小火车10874益智玩具,天猫国际进口超市,浙江 杭州,562.00,64人付款
【直营】乐高超级赛车系列 Mopar 道奇 76904新品积木汽车,天猫国际进口超市,浙江 杭州,359.00,84人付款
婴儿玩具打地鼠钓鱼宝宝男女孩1一2岁儿童启蒙六面体益智生日礼物,酷能玩具旗舰店,广东 汕头,46.00,9人付款
儿童玩具1一3岁以上五5宝宝男孩6女孩4益智2智力动脑拼装积木礼物,酷能玩具旗舰店,广东 汕头,12.80,5人付款
乐高30628哈利波特妖怪们的妖怪书成人拼装积木模型玩具包邮70074,射手man,广东 汕头,25.00,100+人付款
乐高42069科技极地探险履带车成人难度拼装拼插积木模型玩具20057,射手man,广东 汕头,169.00,40人付款
木制变脸魔方你哭我笑3D拼图亲子儿童趣味益智游戏减少孩子玩手机,秦永红494586977,河南 郑州,14.99,0人付款
国潮3d立体拼图成人高难度清明上河图微小颗粒拼装积木巨大型1000,大秦纵横玩具专营店,广东 汕头,66.40,26人付款
航天飞机儿童火箭模型拼装积木套装男孩高难度巨大型开发益智玩具,亿诺母婴专营店,浙江 金华,38.00,18人付款
乐高积木10264创意百变高手系列街角汽车维修站儿童益智玩具成人,青菜爱面条,上海,1208.00,35人付款
LEGO乐高21319创意美剧老友记咖啡馆男孩女孩拼搭积木玩具礼物,搬搬只做好一件事,北京,404.80,100+人付款
【直营】LEGO乐高积木玩具好朋友系列心湖城41444女孩益智建筑,天猫国际母婴直营,浙江 杭州,269.00,45人付款
儿童益智玩具5小女孩6一13女童生日礼物7圣诞节8智力10岁以上动脑,炫智母婴专营店,山东 临沂,39.80,300+人付款
babycare大力士平衡叠叠高人偶玩具儿童互动益智木质制叠叠乐积木,babycare旗舰店,上海,79.00,400+人付款
美乐童年儿童积木桌男孩多功能游戏桌男女孩子涂鸦绘画艺术学习桌,美乐童年炫天专卖店,上海,2099.00,0人付款
磁性拼图男女孩儿童益智早教玩具进阶书本式恐龙动物磁力拼板积木,思哲育玩具旗舰店,浙江 金华,19.90,20人付款
德国dickietoys大型轨道超级城市车库停车场儿童拼接玩具圣诞礼物,振光玩具专营店,山东 青岛,1198.00,0人付款
cada咔搭HUMVEE越野车1:14积木拼装模型APP遥控车模益智玩具礼物,cada咔搭旗舰店,广东 汕头,249.00,3人付款
乐高拼装积木女孩子益智儿童斯普瑞公主梦8别墅城堡房子玩具礼物6,迪宝玩具专营店,上海,33.20,0人付款
儿童科学实验电路拼装玩具益智开发智力创意电学小子电子积木套装,初剑幕玩具专营店,上海,9.90,24人付款
潮流盲盒多肉盆栽积木乐高花束植物仿真摆件拼装玩具男女孩子礼品,瀚羽模玩专营店,广东 汕头,9.98,60人付款
启蒙积木拼装巡洋战舰军事航空母舰大模型乐高男孩子儿童益智玩具,得得威玩具专营店,江苏 徐州,136.00,0人付款
儿童拼图益智力动脑2宝宝3-4-5-6岁7女孩男孩幼儿童木质积木玩具,天天特卖工厂店,浙江 杭州,2.90,100+人付款
大颗粒儿童塑料积木桌拼图拼装玩具益智宝宝男女孩游戏百变孩子,天天特卖工厂店,浙江 杭州,5.80,2000+人付款
乐高漫威超级英雄钢铁侠76191无限手套积木拼装玩具成人高手挑战,天猫国际进口超市,浙江 杭州,670.00,87人付款
LEGO乐高积木拼装玩具哈利波特系列 霍格沃茨-复方汤剂之祸 76386,天猫国际进口超市,浙江 杭州,134.00,300+人付款
圣诞礼物乐高旗舰店官网80008悟空小侠云霄战机乐高积木儿童玩具,乐高官方旗舰店,浙江 嘉兴,499.00,100+人付款
圣诞礼物乐高旗舰店官网71736超能爆破飞机乐高积木益智儿童玩具,乐高官方旗舰店,浙江 嘉兴,399.00,300+人付款
纽奇拼装益智玩具彩窗滚珠滑道磁力片积木1套男孩女孩3-6岁礼物,天猫超市,上海,198.00,69人付款
曼龙宝宝儿童软胶积木可啃咬6-12个月婴儿0-1岁硅胶玩具1套,天猫超市,上海,69.00,300+人付款
万高儿童多功能积木桌游戏学习桌拼装益智玩具宝宝男孩女孩3-6岁,天猫超市,上海,368.00,42人付款
澳贝轨道彩窗磁力174片益智儿童玩具拼接百变管道磁性积木礼物,天猫超市,上海,259.00,45人付款
优赫70P彩色磁力片积木拼装益智儿童男孩女孩磁铁磁性1套玩具礼物,天猫超市,上海,159.00,100+人付款
儿童益智玩具蒙氏早教积木数字认知宝宝三3到6岁半以上男孩女孩2,酷能玩具旗舰店,广东 汕头,22.90,9人付款
香彩乐高积木玩具微小颗粒圣诞树老人学生拼装男女暴力熊情侣礼物,香彩旗舰店,广东 汕头,17.80,2人付款
成语接龙扑克牌儿童益智玩具智力动脑3岁以上4宝宝生日礼物男女孩,酷能玩具旗舰店,广东 汕头,18.80,11人付款
婴儿玩具宝宝男女孩1一2岁3儿童积木塞塞乐可咬4启蒙拼装益智礼物,乐乐熊母婴专营店,广东 汕头,32.80,15人付款
抖音儿童玩具1一2岁3益智婴儿智力宝宝动脑男孩幼儿女孩玩不腻的5,赞赞熊母婴旗舰店,广东 汕头,7.90,10人付款
婴儿童玩具软胶积木绕珠早教益智男宝宝女孩0百宝箱1-2-3岁塞塞乐,乐乐熊母婴专营店,广东 汕头,32.80,15人付款
儿童木制早教益智日历学习时钟认知拼图男孩女宝宝2-3岁积木玩具4,仟威玩具专营店,广东 深圳,29.90,3人付款
时钟认知早教教具认识钟表益智积木玩具幼小斜街数字学生字母学习,恩远玩具专营店,浙江 宁波,18.00,3人付款
森宝积木圣诞雪人礼物屋积木送男女朋友圣诞节日礼物益智拼装玩具,森宝积木森迪专卖店,广东 汕头,122.00,1000+人付款
启蒙拼拼乐套装儿童玩具积木拼装益智2021年新款圣诞礼物乐高男孩,启蒙康迪拉专卖店,广东 汕头,27.55,38人付款
乐高兰博基尼LEGO42115 科技系列机械组SIAN闪电跑车汽车模型玩具,lee664366,浙江 宁波,1819.00,40人付款
彩窗磁力片积木儿童益智吸铁石玩具管道男孩女孩智力动脑磁铁拼装,七彩梦旗舰店,浙江 金华,149.00,200+人付款
杜鸭鸭新款拼装儿童阿基米德积木建筑男女孩幼儿益智动脑创客玩具,杜鸭鸭旗舰店,浙江 杭州,99.00,1人付款
儿童玩具积木墙大颗粒拼装女孩拼装益智女孩男孩多功能高难度动脑,飞鸽童车旗舰店,上海,22.00,0人付款
成奇隆拼装恐龙玩具电动霸王龙仿真索斯兽会走组合积木翼龙副栉龙,成奇隆旗舰店,广东 汕头,59.00,4人付款
乐高兰博基尼跑车模型男孩子圣诞礼物益智布加迪赛车拼装积木玩具,jipeifeng0754,广东 汕头,18.90,1000+人付款
木制变脸魔方你哭我笑3D拼图亲子儿童趣味益智游戏减少孩子玩手机,秦永红494586977,河南 郑州,14.99,0人付款
消防车工程车拼装积木警车男孩益智玩具宝宝变形合体机器人小汽车,linsong_china,广东 汕头,8.88,0人付款
比乐B.toys大颗粒儿童益智管道3-10岁拼装智力开发滚珠轨道玩具,天猫国际进口超市,浙江 杭州,469.00,46人付款
乐高40499圣诞老人驯鹿雪橇车40484前院拼装积木玩具圣诞节礼物,wang爱heng,上海,128.00,300+人付款
乐高积木漫威超级英雄76168美国队长76140钢铁侠机甲灭霸拼搭人仔,天猫国际进口超市,浙江 杭州,104.00,200+人付款
小颗粒积木火星探测乐高航天飞机火箭模型拼装6圣诞礼物玩具8飞船,天猫超市,上海,139.00,700+人付款
乐高得宝字母卡车10915男孩女孩1岁半+儿童幼儿拼装积木官方玩具,天猫超市,上海,255.00,93人付款
【直营】LEGO乐高机械组42120救援气垫船男女孩益智拼搭积木玩具,天猫国际进口超市,浙江 杭州,358.00,58人付款
LEGO乐高 42100科技系列 机械组 Liebherr R9800挖掘机,旧时歌1,北京,3069.00,23人付款
乐高40478迷你迪士尼公主城堡大房子女孩子积木玩具圣诞新年礼物,天猫国际母婴直营,浙江 杭州,399.00,60人付款
【直营】乐高机械组42122 42123迈凯伦塞纳GTR吉普牧马人越野汽车,天猫国际母婴直营,浙江 杭州,699.00,52人付款
王一博同款乐高摩托车10269哈雷42107男孩儿童积木玩具圣诞节礼物,liji0904,上海,389.00,100+人付款
乐高新春新年系列中国风80108/80109/80105/80106年夜饭80101过年,szliudy13794,广东 深圳,399.00,100+人付款
金宝贝早教儿童益智玩具磁力棒1-5男女孩生日核心套33cps/盒积木,天猫超市,上海,189.00,74人付款
乐高纪念40478迷你迪士尼公主城堡大房子女孩子积木圣诞新年礼物,天猫国际进口超市国内现货,上海,399.00,53人付款
乐高米奇的螺旋桨飞机  10772男孩女孩4岁+儿童拼装积木官方玩具,天猫超市,上海,98.00,700+人付款
LEGO 乐高积木拼装玩具好朋友系列心湖城度假大酒店41684儿童礼物,天猫国际进口超市,浙江 杭州,711.00,35人付款
【直营】LEGO乐高新品 我的世界系列初次冒险21169 积木拼插玩具,天猫国际进口超市国内现货,上海,699.00,25人付款
乐高旗舰店官网10943得宝快乐童年时刻积木大颗粒玩具益智男女孩,乐高官方旗舰店,浙江 嘉兴,999.00,50人付款
【直营】LEGO乐高海盗船31109系列儿童积木拼插加勒比海小颗粒,天猫国际进口超市,浙江 杭州,1192.00,26人付款
乐高爱心暴力熊积木拼装模型成年高难度巨大型玩具送女孩生日礼物,enjoylife趣生活,广东 汕头,78.00,300+人付款
乐高积木星球大战系列75192豪华千年隼男孩子儿童玩具成年高难度,疯狂2008_007,上海,5088.00,17人付款
乐高经典创意手提箱10713男孩女孩4岁+儿童拼装积木官方游戏玩具,天猫超市,上海,170.00,100+人付款
LEGO乐高76391哈利波特霍格沃茨经典藏品 海德薇拼搭积木玩具礼物,kishi126,安徽 合肥,1953.00,61人付款
乐高旗舰店官网 侏罗纪系列76942重爪龙运输船脱逃拼装积木玩具,乐高官方旗舰店,浙江 嘉兴,799.00,52人付款
乐高旗舰店官网21226乐高艺术生活系列 ― 一起创造,乐高官方旗舰店,浙江 嘉兴,1099.00,44人付款
乐高旗舰店官网幻影忍者71753烈焰神龙的攻击积木儿童玩具益智,乐高官方旗舰店,浙江 嘉兴,499.00,100+人付款
乐高珍藏纪念限定10292老友记公寓乐高大房子积木拼装成人高难度,天猫国际进口超市国内现货,上海,1479.00,26人付款
乐高城市警察局60139移动指挥中心男孩子6-12岁拼装警车积木玩具,天猫国际进口超市,浙江 杭州,379.00,71人付款
乐高哈利波特联名系列76392霍格沃茨巫师魔法棋国际象棋女贞路4号,天猫国际进口超市国内现货,上海,670.00,33人付款
金宝贝启蒙磁力棒早教核心套男女孩生日儿童节礼物益智积木玩具,天猫超市,上海,299.00,61人付款
LEGO/乐高积木拼插型儿童积木玩具星球大战系列冲锋队员头盔75276,天猫国际进口超市,浙江 杭州,659.00,25人付款
乐高幻影忍者丛林战车71745男孩7岁+儿童拼装积木官方新款玩具,天猫超市,上海,198.00,100+人付款
可优比雪花片拼插积木大号加厚12-6周岁男女儿童礼物益智拼装玩具,天猫超市,上海,79.00,400+人付款
圣诞礼物乐高旗舰店官网得宝10929梦想之家积木大颗粒儿童玩具,乐高官方旗舰店,浙江 嘉兴,599.00,70人付款
乐高好朋友心湖城有机咖啡厅41444女孩6岁+儿童拼装积木官方玩具,天猫超市,上海,298.00,100+人付款
乐高城市系列消防直升机60281男孩女孩5岁+儿童拼装积木官方玩具,天猫超市,上海,271.00,100+人付款
【直营】LEGO/乐高 75192星球大战帝国无畏舰 豪华千年隼积木玩具,天猫国际进口超市,浙江 杭州,7399.00,3人付款
乐高幻影忍者烈焰神龙攻击71753男孩8岁+儿童拼装积木官方玩具,天猫超市,上海,498.00,57人付款
乐高三合一野生动物树屋31116男孩女孩7岁+儿童拼装积木官方玩具,天猫超市,上海,328.00,100+人付款
【直营】LEGO乐高漫威超级英雄76191灭霸无限手套复仇者联盟积木,天猫国际进口超市,浙江 杭州,698.00,25人付款
【直营】LEGO乐高得宝10875玩具货运火车拼装积木大颗粒儿童益智,天猫国际进口超市,浙江 杭州,1098.00,14人付款
乐高得宝数字火车10954男孩女孩1岁半+儿童拼装积木官方新款玩具,天猫超市,上海,198.00,100+人付款
积木成年高难度女孩子迪士尼城堡大人益智拼装玩具圣诞节礼物,tb144026412,浙江 金华,37.22,5人付款
百变磁力棒2男孩4女孩3岁宝宝智力圣诞礼物6儿童益智积木拼装玩具,tb144026412,浙江 金华,16.92,5人付款
乐高兰博基尼跑车模型男孩子圣诞礼物益智布加迪赛车拼装积木玩具,jipeifeng0754,广东 汕头,18.90,1000+人付款
儿童拧螺丝钉组装玩具男孩益智拆装工程车电钻工具箱宝宝动手3岁,梦骑士玩具旗舰店,浙江 金华,29.90,26人付款
儿童玩具1一3岁以上五女孩5男孩6宝宝4益智2智力动脑拼装积木礼物,赞赞熊母婴旗舰店,广东 汕头,16.80,15人付款
宝宝益智玩具3到6岁男童2多功能早教5恐龙圣诞节4-7新年生日礼物8,彤羽母婴专营店,上海,88.00,1人付款
布鲁可小猪佩奇之家新款大颗粒拼插积木儿童玩具男女孩益智布鲁克,得得威玩具专营店,江苏 徐州,459.00,0人付款
蜂窝拼图拼板儿童积木拼装玩具益智思维训练男孩3-6岁7早教4动脑5,onshine旗舰店,浙江 金华,69.00,6人付款
乐高71040迪士尼城堡建筑积木女孩婚礼系列成年人高难度拼装模型,tb101842686,广东 汕头,269.00,200+人付款
启蒙早教1-2一3两岁数字磁性火车玩具宝宝拼装积木质男女孩益智力,lbmz旗舰店,浙江 丽水,28.80,7人付款
Keeppley圣诞限定3件套宝可梦音乐盒哆啦a梦款积木拼装玩具礼物,keeppley旗舰店,广东 汕头,149.00,200+人付款
迪士尼官方 儿童玩具乐高迪士尼公主故事书冒险积木拼装玩具,disney迪士尼官方旗舰店,上海,249.00,43人付款
婴儿童绕珠6一12个月积木串珠早教益智力玩具男女孩宝宝1-2周3岁0,丸子联萌母婴专营店,浙江 金华,29.80,8人付款
数字磁性儿童小火车积木质玩具益智力拼装男女孩6宝宝早教1-2-3岁,丸子联萌母婴专营店,浙江 丽水,37.68,2人付款
杜鸭鸭童磁力片玩具积木拼装插消防车云梯百变工程遥控车可编程,杜鸭鸭旗舰店,浙江 杭州,399.00,1人付款
磁力棒儿童玩具男孩拼装益智积木宝宝元旦礼物百变磁力片女孩早教,小伶玩具专营店,浙江 湖州,45.00,0人付款
磁力棒儿童大颗粒积木拼装元旦礼物男女孩幼儿园磁铁片玩具益智,小伶玩具专营店,浙江 湖州,45.00,3人付款
费雪美高大积木汪汪队Chase特工警车套装GYJ00 拼装玩具益智儿童,费雪牌官方旗舰店,江苏 苏州,179.00,8人付款
双鹰咔搭小颗粒积木拼装高难度遥控玩具挖掘机工程车圣诞节礼物,doublee旗舰店,广东 汕头,329.00,1人付款
儿童方块积木空间思维逻辑训练亲子互动专注力幼儿园几何益智玩具,初剑幕玩具专营店,江苏 南京,50.00,4人付款
乐高60327城市组马匹运输车男女孩成人益智拼搭积木玩具摆件礼物,brickshouse海外专营店,香港 新界,358.00,1人付款
乐高71398超级马里奥系列海龙王海滩扩展关卡男女孩拼搭积木摆件,brickshouse海外专营店,香港 新界,358.00,6人付款
幼婴儿精细动作手眼协调锻炼形状积木宝宝蒙氏早教益智玩具1一2岁,猫绒绒旗舰店,浙江 丽水,39.00,27人付款
益智玩具男孩生日礼物5圣诞节6一13智力思维训练7动脑8儿童10岁12,炫智母婴专营店,广东 广州,24.00,46人付款
联合创想B牌K071车系列迪拜警车六格车拼插装积木6岁男童玩具礼物,联合创想旗舰店,广东 汕头,16.80,7人付款
发光宇航员太空人微颗粒积木益智拼装玩具女孩网红送闺蜜生日礼物,奇慧玩具专营店,广东 汕头,17.90,2人付款
孙悟空猪八戒西游记玩具齐天大圣机甲庄臣西游战甲变形套装男孩,庄臣玩具旗舰店,广东 汕头,58.00,11人付款
多功能积木桌子儿童益智大颗粒积木拼装玩具宝宝男孩女孩生日礼物,天天特卖工厂店,浙江 杭州,38.00,400+人付款
幼儿童积木木头拼装宝宝玩具1益智力2岁3大颗粒6男孩女孩开发早教,天天特卖工厂店,浙江 杭州,15.80,600+人付款
【直营】LEGO乐高43194迪士尼系列安娜和艾尔莎的冰雪仙境男女孩,天猫国际进口超市,浙江 杭州,268.00,100+人付款
儿童厨房玩具男女宝宝仿真过家家做饭茶具碗壶日本幼儿食品级木制,佰圆_1982,浙江 杭州,118.00,3人付款
消防车工程车拼装积木警车男孩益智玩具宝宝变形合体机器人小汽车,linsong_china,广东 汕头,8.88,0人付款
乐高兰博基尼跑车模型男孩子圣诞礼物益智布加迪赛车拼装积木玩具,jipeifeng0754,广东 汕头,18.90,1000+人付款
LEGO乐高71043哈利波特霍格沃茨城堡 男女孩玩具成人拼装积木礼物,育婴益童品牌玩具折扣店,北京,2478.00,23人付款
aag宝宝积木木头大块1-2-3-6岁男孩女孩儿童早教益智木制拼装玩具,aag母婴旗舰店,浙江 杭州,64.50,1000+人付款
益智300片建构实木质原木色阿基米德卡普乐积木条无漆拼装玩具,ye121731930,浙江 丽水,99.00,300+人付款
LOZ/俐智花束积木小颗粒积木拼装diy朵盆景装饰插花干花居家摆件,俐智旗舰店,广东 汕头,44.00,1000+人付款
乐高积木男孩子军事人仔装甲车吃鸡警察小人特种兵拼装礼物玩具,守护自许的诺言,广东 汕头,50.00,1000+人付款
2021圣诞节礼物生日拼装5男童6小孩8益智10岁以上9儿童玩具男孩子,恰尔得母婴专营店,广东 汕头,46.08,1000+人付款
水星乐高积木柴犬玩具狗潮玩巨大型拼组装模型创意居家摆件送礼物,星月玩具城,广东 汕头,298.00,200+人付款
儿童玩具男孩3~14周岁4女5宝宝6小朋友益智8高端10岁以上生日礼物,春生晓语,河北 邢台,698.00,86人付款
乐高花束佳奇积木花朵jaki拼插玫瑰花拼装鲜花圣诞节礼物女生孩,v无尽的海v,广东 汕头,15.90,1000+人付款
BOLIN BOLON果然好奇小森林积木 宝宝益智玩具儿童圣诞1周岁礼物,bolinbolon母婴旗舰店,浙江 杭州,520.00,200+人付款
乐高积木机械组系列液压挖掘机42121男孩子儿童玩具旗舰店官网,疯狂2008_007,上海,218.00,200+人付款
乐高迪迦奥特曼钻石小颗粒积木益智拼装玩具立体拼图男孩圣诞礼物,潮爱玩积木厂,浙江 金华,6.80,4000+人付款
中国航天文创太空火箭系列乐高积木拼装男孩玩具8-12岁以上高难度,310543776czl,广东 深圳,128.00,200+人付款
正品现货LEGO乐高10280花朵/10281盆景盆栽树/10289天堂鸟插花,cnnetearn,北京,313.00,100+人付款
乐高创意百变21321国际空间站 成年高难度拼插积木玩具礼物男女孩,天猫国际进口超市国内现货,上海,838.00,18人付款
wedo2.0可编程积木机器人拼插兼容小颗粒45300套装培训学校玩教具,黄雅琴0604,上海,378.00,100+人付款
小米千年榫营造积木重檐亭中国古建筑榫卯拼装大型成年拼装积木,西红柿66888,上海,329.00,100+人付款
得力3D立体航天拼图儿童益智早教积木模型开发动脑安全手工DIY,得力官方旗舰店,浙江 宁波,21.60,500+人付款
火箭玩具拼装模型乐高积木益智儿童智力生日男孩10岁以上圣诞礼物,革康母婴专营店,广东 汕头,43.00,1000+人付款
乐高小鬼当家21330积木玩具男女孩儿童益智圣诞节礼物旗舰店官网,liji0904,上海,1488.00,63人付款
LEGO乐高10275冬季圣诞精灵魔法屋俱乐部 男女孩积木玩具儿童礼物,kishi126,安徽 合肥,663.00,86人付款
乐高圣诞树新年积木春节舞狮金桔橘子树音乐盒情人节玫瑰花束礼物,tb593398388,广东 深圳,68.00,1000+人付款
乐高树屋MOC灯光圆桶玻璃植物屋街景积木高难度成年拼装玩具模型,tb2521199_00,广东 汕头,275.00,300+人付款
乐高积木拼装玩具益智男孩子6岁以上儿童航天飞机火箭神州13模型5,奥乐宝玩具,广东 深圳,69.00,1000+人付款
LEGO乐高哈利波特霍格沃茨时刻课魔药课草药课魔咒课积木儿童玩具,天猫国际进口超市国内现货,上海,358.00,36人付款
儿童益智玩具4岁6男孩10以上智力开发5动脑7宝宝生日8礼物9女孩3,小鲤鱼母婴专营店,广东 汕头,9.90,200+人付款
儿童多功能游戏桌婴儿早教玩具积木桌台7个月宝宝10益智一岁1幼儿,聚乐母婴专营店,广东 汕头,199.00,200+人付款
儿童实木乐高积木桌子多功能宝宝大号正版玩具桌男女孩旗舰店官网,萌宝贝积木屋,江苏 徐州,538.00,100+人付款
实木儿童多功能大号乐高积木桌子宝宝益智力游戏大型玩具桌大尺寸,萌宝贝积木屋,江苏 徐州,780.00,95人付款
儿童益智力玩具三3周岁以上小孩4宝宝2岁男孩6男童圣诞节生日礼物,班迪萌玩具专营店,广东 汕头,108.00,700+人付款
LEGO乐高玫瑰40460郁金香40461向日葵40524 情人节礼物鲜花朵积木,kishi126,安徽 合肥,75.00,600+人付款
乐高积木高难度大型男孩10岁以上中国建筑模型拼装成人女14岁玩具,宝越玩具,广东 汕头,108.00,700+人付款
聪明棒积木儿童智力棒男女孩拼插拼装魔术棒宝宝益智幼儿积木玩具,天天特卖工厂店,浙江 杭州,2.60,200+人付款
儿童聪明棒积木玩具男女孩魔术棒益智拼装玩具幼儿园大号拼插积木,天天特卖工厂店,浙江 杭州,2.80,100+人付款
乐高积木官方旗舰店42129 4x4梅赛德斯 奔驰 Zetros,乐高官方旗舰店,浙江 嘉兴,2699.00,50人付款
乐高圣诞礼物积木官方旗舰店 城市组60215城市消防局儿童玩具,乐高官方旗舰店,浙江 嘉兴,549.00,300+人付款
【直营】LEGO乐高DC超级英雄76240蝙蝠战车暗黑骑士拼装玩具积木,天猫国际进口超市,浙江 杭州,2098.00,35人付款
【直营】乐高迪士尼米奇和朋友们的消防站益智拼装积木玩具10776,天猫国际进口超市,浙江 杭州,329.00,100+人付款
乐高 80108 新春六习俗 80109 冰上新春 春节拼搭 积木玩具 礼物,幸福的味道007,上海,659.00,200+人付款
【直营】LEGO乐高积木拼装玩具好朋友系列心湖城电影院 41448益智,天猫国际母婴直营,浙江 杭州,399.00,47人付款
乐高幻影忍者水下机甲 71750男孩7岁+儿童拼装积木官方新款玩具,天猫超市,上海,198.00,100+人付款
百变磁力棒2男孩4女孩3岁宝宝智力圣诞礼物6儿童益智积木拼装玩具,tb144026412,浙江 金华,16.92,5人付款
磁力片儿童益智玩具纯智力磁铁吸铁石贴女男孩磁力棒拼装磁性积木,tb144026412,浙江 金华,20.42,5人付款
新款 蛋糕积木桌面摆件闺蜜生日礼物小颗粒可爱拼接益智玩具,heb小辉,河北 衡水,37.81,0人付款
积木拼装玩具益智6岁以上男孩子儿童8男孩拼图礼物小颗粒乐高大型,爱儿得母婴专营店,广东 深圳,79.00,1000+人付款
cada咔搭1:24迷你版吉姆尼越野车模型拼装积木车模儿童益智玩具男,cada咔搭旗舰店,广东 汕头,49.00,4人付款
积木拼装玩具益智男孩子10岁儿童电动遥控汽车智能机器人拼图,kekemeng旗舰店,广东 深圳,119.00,2人付款
咔搭积木车雪铁龙2CV拼装积木车模儿童益智遥控玩具模型男孩大型,cada咔搭旗舰店,广东 汕头,289.00,0人付款
得力积木拼装玩具益智男孩子儿童6岁以上小颗粒汽车拼图模型成年,得力伴宁专卖店,上海,14.90,5人付款
儿童益智拼装玩具智力动脑启蒙男女孩磁力片拼图6岁以上7圣诞礼物,乐乐鱼旗舰店,上海,16.50,7人付款
儿童早教启智玩具木制积木数字字母对数板拼图形状颜色配对小动物,天天特卖工厂店,浙江 杭州,5.10,100+人付款
兼容乐高积木奥特曼模型小颗粒益智立体拼装玩具男孩礼物儿童拼图,天天特卖工厂店,浙江 杭州,8.20,3000+人付款
LEGO乐高机械组42083布加迪粉丝款玩具模型礼物拼装儿童跑车威龙,天猫国际进口超市,浙江 杭州,3970.00,12人付款
【直营】乐高机械组42122 42123迈凯伦塞纳GTR吉普牧马人越野汽车,天猫国际进口超市,浙江 杭州,699.00,100+人付款
乐高旗舰店官网10283发现号航天飞机乐高积木益智玩具成人收藏,乐高官方旗舰店,浙江 嘉兴,1699.00,67人付款
乐高旗舰店官网迪士尼系列43194安娜和艾莎的冰雪世界冰雪奇缘,乐高官方旗舰店,浙江 嘉兴,399.00,300+人付款
启蒙Keeppley国玩系列栖云小筑拼装积木玩具中国风建筑摆件K18002,天猫超市,上海,499.00,34人付款
海底小纵队积木玩具小颗粒儿童益智立体拼插章鱼堡正版男女孩,天猫超市,上海,225.00,55人付款
乐高好朋友森林小屋41679女孩6岁+儿童拼装积木官方新款建筑玩具,天猫超市,上海,298.00,66人付款
数字变形积木玩具百变金刚益智动脑3机器人男孩儿童3-6岁圣诞礼物,天猫超市,上海,99.00,200+人付款
乐缔雪花片加厚积木1盒680片拼插男女孩儿童早教益智玩具3-6周岁,天猫超市,上海,59.80,200+人付款
【直营】LEGO/乐高 75192星球大战帝国无畏舰 豪华千年隼积木玩具,天猫国际母婴直营,浙江 杭州,7399.00,1人付款
儿童玩具车滑翔轨道车益智动脑男孩女孩三岁以上宝宝圣诞生日礼物,酷能玩具旗舰店,广东 汕头,29.80,4人付款
变形联盟积木系列大颗粒拼装玩具益智力动脑3儿童2男孩6女孩子5岁,糖米旗舰店,广东 汕头,35.00,19人付款
儿童磁力片积木益智拼装宝宝磁性拼图贴片男孩女孩早教吸铁石玩具,浮造旗舰店,安徽 芜湖,78.00,3人付款
儿童玩具益智蒙氏早教积木数字认知宝宝三3到6岁半以上男孩4女孩2,乐乐熊母婴专营店,广东 汕头,29.80,18人付款
幼儿童益智玩具青蛙天平早教积木3-6岁宝宝生日礼物蒙氏男孩男童4,乐乐熊母婴专营店,广东 汕头,29.80,18人付款
得力烈焰导弹车六合一合体组装积木拼装玩具拼插机器人生日礼物,得力封王九锡专卖店,浙江 宁波,29.00,11人付款
儿童电路积木物理电学实验套装电子拼装积木益智玩具6岁以上小学,爱育湾母婴专营店,浙江 宁波,429.90,31人付款
得力雷霆护卫队六合一创意拼装积木合体机器人儿童玩具生日礼物,得力封王九锡专卖店,浙江 宁波,49.00,8人付款
【新品】英国品LE TOY VAN儿童木制积木益智玩具多感官形状配对,motherswork旗舰店,江苏 无锡,337.00,3人付款
儿童玩具车恐龙运输车男孩女孩益智动脑三岁以上宝宝圣诞生日礼物,酷能玩具旗舰店,广东 汕头,38.00,14人付款
百变磁力棒幼儿童积木拼装益智宝宝6早教1磁铁3岁2男孩5女孩4玩具,淘又乐旗舰店,广东 中山,38.00,14人付款
圣诞节礼物圣诞树积木八音盒拼装玩具益智小颗粒儿童男孩女孩系列,津津乐母婴专营店,上海,84.00,84人付款
大力三国叠叠高积木游戏大力士平衡叠叠乐儿童益智叠罗汉木质玩具,悦诚惠品玩具专营店,湖南 长沙,49.00,3人付款
汪汪队立大功威力狗超能车拼装消防车警车工程车阿奇天天儿童玩具,彭冠母婴专营店,上海,49.00,5人付款
香彩乐高天安门积木拼装模型大型高难度男拼图玩具生日圣诞节礼物,香彩旗舰店,广东 汕头,88.80,1人付款
香彩积木圣诞相框拼装摆件玩具圣诞节情侣平安夜送女朋友圣诞礼物,香彩旗舰店,广东 汕头,58.80,1人付款
儿童益智数字变形玩具拼装积木4男孩5新年3元旦6-8岁以上生日礼物,趣童母婴专营店,上海,49.80,54人付款
启蒙积木玩具拼装合体机器人机甲星陨武神变形金刚6超合金1战神小,优程商务,广东 珠海,26.60,300+人付款
成语接龙扑克牌儿童益智玩具智力动脑3岁以上4男女孩宝宝生日礼物,赞赞熊母婴旗舰店,广东 汕头,18.80,15人付款
森宝积木圣诞系列雪人音乐盒积木节日礼物拼装玩具益智男女孩摆件,森宝积木森迪专卖店,广东 汕头,103.00,45人付款
儿童聪明魔术棒积木塑料幼儿园早教3-6岁益智力开发拼装拼插玩具,仟威玩具专营店,广东 深圳,28.80,0人付款
方橙FC6104东风猛士军事积木系列仿真模型高难度巨大型男孩拼装,方橙旗舰店,广东 汕头,219.00,1人付款
儿童加厚雪花片赛车积木宝宝4益智早教塑料拼装练习玩具幼儿园3岁,仟威玩具专营店,广东 深圳,26.80,2人付款
巨大型积木中国天安门成年高难度颗粒拼装建筑男孩益智,千婉优品,北京,60.28,0人付款
木头拼装宝宝益智玩具木制磁性俄罗斯方块积木男孩立体拼图七巧板,linsong_china,广东 汕头,8.88,0人付款
儿童折叠收纳行李箱积木桌子椅子套装多功能拼装玩具台益智男女孩,世恒浩百货店,广西 南宁,47.00,0人付款
马卡龙色叠叠乐层层叠叠高抽积木条平衡游戏桌游儿童益智木质玩具,笑学堂旗舰店,浙江 杭州,28.00,200+人付款
LEGO乐高76191灭霸无限手套漫威男孩益智拼装积木玩具圣诞节礼物,wang爱heng,上海,428.00,100+人付款
乐高积木40499圣诞老人的雪橇男孩女孩益智拼装玩具圣诞限定礼物,疯狂2008_007,上海,458.00,200+人付款
LEGO乐高拼插积木 双十一礼品 6339339 圣诞节礼盒 戒指盒 首饰盒,aliasviolet,上海,115.00,400+人付款
实木儿童多功能乐高积木桌子大小颗粒拼装玩具益智原木玩具桌大号,贝萌电子商务,浙江 杭州,650.00,100+人付款
可优比婴幼儿绕珠串珠男孩女孩宝宝木质积木儿童智慧益智启蒙玩具,可优比旗舰店,浙江 杭州,79.00,300+人付款
lelebrother拼装砖块暴力积木熊模型成人玩具大型diy立体摆件礼物,lelebrother旗舰店,广东 汕头,49.00,200+人付款
乐高10261游乐场过山车男女孩儿童积木玩具圣诞节礼物旗舰店官网,liji0904,上海,1908.00,39人付款
乐高积木爱心暴力熊拼装女孩系列成年高难度大型益智解压玩具礼物,韩潮女装访9,江苏 南通,346.08,100+人付款
我的世界乐高积木机关山洞男孩益智力动脑拼装儿童玩具拼图7-14岁,jbn19870618,上海,298.00,200+人付款
圣诞节儿童玩具男孩子3益智力6一10以上三男童十女孩5岁生日4礼物,优美奇家居专营店,广东 广州,188.00,500+人付款
智能积木天蝎座防御塔木星黎明系列小米官方旗舰店米家组装拼插,小米官方旗舰店,北京,299.00,83人付款
磁力棒儿童益智玩具百变积木拼装大颗粒早教片6男孩5女孩4宝宝3岁,瑾言母婴专营店,浙江 金华,19.80,1000+人付款
eva泡沫积木大号1男孩女孩宝宝2岁3软体海绵块拼装益智幼儿童玩具,智邦玩具专营店,浙江 绍兴,29.90,1000+人付款
布鲁可大颗粒拼插积木桶我的家百变布鲁克过家家益智玩具男孩女孩,布鲁可旗舰店,上海,349.00,500+人付款
LEGO乐高75978对角巷哈利波特系列益智拼装积木玩具圣诞节礼物,wang爱heng,上海,2268.00,38人付款
乐高30628哈利波特妖怪们的妖怪书成人拼装积木模型玩具包邮70074,射手man,广东 汕头,25.00,100+人付款
乐高42069科技极地探险履带车成人难度拼装拼插积木模型玩具20057,射手man,广东 汕头,169.00,40人付款
木制变脸魔方你哭我笑3D拼图亲子儿童趣味益智游戏减少孩子玩手机,秦永红494586977,河南 郑州,14.99,0人付款
旋转宝可梦音乐盒拼装积木儿童玩具小男孩女孩八音盒摆件圣诞礼物,天猫超市,上海,159.00,200+人付款
乐高10280玫瑰花束花朵10281盆景迎客松拼装圣诞生日情人节礼物,天猫国际母婴直营,浙江 杭州,519.00,38人付款
启蒙男孩玩具拼装乐高积木警察车飞机玩具移动特警总部6-8-12岁,天猫超市,上海,219.00,100+人付款
巨大型航空母舰模型拼装积木玩具儿童礼物益智高难度男孩10岁以上,蒙台梭利母婴专营店,上海,159.60,400+人付款
乐高变形玩具金刚大黄蜂机器人机甲模型成人高难度男孩子拼装积木,高sexy,广东 深圳,188.00,300+人付款
乐高号角日报大楼76178超级英雄漫画系列蜘蛛侠4报社建筑积木玩具,tb138368860,广东 汕头,410.00,100+人付款
聪明积木棒塑料拼装儿童益智玩具3-6周岁男孩7-8岁女孩2智力4拼图,再会北极雪,浙江 金华,7.20,900+人付款
贝恩施多功能积木桌益智玩具 宝宝儿童大颗粒积木拼装男孩2-3岁4,beiens贝恩施旗舰店,广东 汕头,178.00,400+人付款
【小红书同款】LEGO乐高40460玫瑰花与小王子情人节礼物花瓶积木,tb2342582885,北京,109.00,200+人付款
